time_ms,ax_g,ay_g,az_g,gx_dps,gy_dps,gz_dps,pressure_mbar,temp_c,relative_altitude_m
9346,-0.0068,0.0083,0.9902,0.010,-0.035,-0.032,998.65,26.53,-0.04
9356,-0.0078,0.0078,0.9897,-0.021,-0.005,-0.032,998.68,26.54,-0.29
9366,-0.0039,0.0083,0.9902,0.010,0.056,-0.093,998.64,26.55,0.05
9376,-0.0078,0.0073,0.9922,0.040,0.056,-0.002,998.63,26.56,0.13
9386,-0.0044,0.0093,0.9922,0.010,-0.035,-0.002,998.67,26.57,-0.21
9396,-0.0059,0.0098,0.9907,0.010,-0.035,-0.002,998.60,26.58,0.39
9406,-0.0083,0.0088,0.9917,0.101,0.087,-0.002,998.65,26.58,-0.04
9416,-0.0044,0.0083,0.9946,0.071,0.056,0.029,998.64,26.59,0.05
9426,-0.0078,0.0073,0.9897,-0.021,-0.005,-0.002,998.61,26.60,0.30
9436,-0.0059,0.0103,0.9917,-0.051,0.026,-0.032,998.66,26.61,-0.12
9446,-0.0063,0.0098,0.9912,0.040,0.026,0.059,998.70,26.62,-0.46
9456,-0.0078,0.0068,0.9897,0.010,-0.005,-0.063,998.60,26.62,0.39
9466,-0.0034,0.0083,0.9883,-0.051,-0.035,-0.002,998.58,26.63,0.55
9476,-0.0103,0.0073,0.9897,0.040,-0.005,-0.002,998.58,26.63,0.55
9486,-0.0044,0.0078,0.9902,-0.021,0.056,-0.002,998.65,26.64,-0.04
9496,-0.0063,0.0083,0.9922,0.010,-0.005,0.029,998.66,26.64,-0.12
9506,-0.0068,0.0063,0.9907,-0.021,0.026,0.059,998.65,26.65,-0.04
9516,-0.0049,0.0078,0.9902,-0.021,-0.066,-0.032,998.64,26.66,0.05
9526,-0.0083,0.0054,0.9917,0.071,0.056,-0.002,998.65,26.66,-0.04
9536,-0.0068,0.0073,0.9922,0.040,0.026,-0.002,998.71,26.67,-0.54
9546,-0.0063,0.0093,0.9917,-0.021,-0.035,-0.002,998.62,26.67,0.22
9556,-0.0068,0.0088,0.9917,-0.021,-0.066,-0.002,998.70,26.68,-0.46
9566,-0.0044,0.0093,0.9917,-0.021,0.056,-0.032,998.67,26.68,-0.21
9576,-0.0049,0.0068,0.9917,0.010,-0.005,0.029,998.65,26.69,-0.04
9586,-0.0024,0.0093,0.9897,-0.051,-0.005,0.029,998.71,26.69,-0.54
9596,-0.0078,0.0083,0.9902,0.010,0.056,0.029,998.72,26.70,-0.63
9606,-0.0073,0.0063,0.9902,0.040,0.087,0.029,998.64,26.70,0.05
9616,-0.0068,0.0078,0.9912,0.040,-0.035,-0.002,998.70,26.70,-0.46
9626,-0.0103,0.0078,0.9937,0.010,0.026,-0.063,998.61,26.71,0.30
9636,-0.0054,0.0098,0.9897,-0.051,0.026,-0.032,998.70,26.71,-0.46
9646,-0.0078,0.0078,0.9937,-0.021,0.026,-0.032,998.73,26.71,-0.71
9656,-0.0059,0.0068,0.9937,0.040,-0.005,-0.002,998.66,26.72,-0.12
9666,-0.0054,0.0078,0.9956,0.010,-0.005,-0.032,998.69,26.72,-0.38
9676,-0.0088,0.0083,0.9922,0.010,-0.005,-0.032,998.73,26.72,-0.71
9686,-0.0020,0.0098,0.9902,0.040,-0.005,0.029,998.63,26.73,0.13
9696,-0.0073,0.0078,0.9946,0.132,0.209,-0.002,998.75,26.73,-0.88
9706,-0.0049,0.0088,0.9888,-0.051,-0.157,-0.032,998.75,26.73,-0.88
9716,-0.0068,0.0063,0.9893,0.040,0.117,0.029,998.66,26.74,-0.12
9726,-0.0107,0.0088,0.9917,-0.142,-0.127,-0.093,998.71,26.74,-0.54
9736,-0.0039,0.0093,0.9917,0.132,0.087,0.059,998.64,26.74,0.05
9746,-0.0078,0.0083,0.9941,-0.142,-0.005,-0.063,998.72,26.74,-0.63
9756,-0.0034,0.0098,0.9902,0.010,-0.005,-0.002,998.69,26.75,-0.38
9766,-0.0049,0.0088,0.9922,0.010,0.056,-0.002,998.65,26.75,-0.04
9776,-0.0059,0.0093,0.9922,0.040,-0.096,-0.002,998.69,26.75,-0.38
9786,-0.0054,0.0073,0.9932,0.071,-0.035,0.090,998.65,26.75,-0.04
9796,-0.0073,0.0068,0.9932,-0.082,-0.035,-0.002,998.72,26.76,-0.63
9806,-0.0044,0.0093,0.9912,0.010,-0.035,0.029,998.62,26.76,0.22
9816,-0.0063,0.0078,0.9932,-0.021,0.026,-0.063,998.65,26.76,-0.04
9826,-0.0093,0.0093,0.9941,0.071,0.026,0.029,998.70,26.76,-0.46
9836,-0.0044,0.0083,0.9946,-0.021,-0.066,0.029,998.71,26.76,-0.54
9846,-0.0093,0.0122,0.9897,-0.051,0.026,0.029,998.65,26.77,-0.04
9856,-0.0034,0.0078,0.9907,0.040,-0.035,0.059,998.68,26.77,-0.29
9866,-0.0049,0.0078,0.9912,-0.051,-0.005,0.029,998.74,26.77,-0.80
9876,-0.0059,0.0083,0.9922,0.010,-0.035,-0.002,998.64,26.77,0.05
9886,-0.0054,0.0083,0.9917,0.040,-0.005,0.029,998.69,26.77,-0.38
9896,-0.0088,0.0093,0.9912,-0.021,0.056,-0.032,998.66,26.77,-0.12
9906,-0.0083,0.0083,0.9907,0.010,-0.005,0.029,998.69,26.78,-0.38
9916,-0.0083,0.0088,0.9922,-0.021,0.026,-0.002,998.69,26.78,-0.38
9926,-0.0083,0.0088,0.9893,0.010,-0.035,-0.002,998.58,26.78,0.55
9936,-0.0044,0.0098,0.9932,-0.021,-0.035,-0.002,998.63,26.78,0.13
9946,-0.0068,0.0088,0.9902,-0.021,-0.066,-0.093,998.70,26.78,-0.46
9956,-0.0024,0.0073,0.9907,-0.021,0.026,-0.002,998.70,26.78,-0.46
9966,-0.0068,0.0083,0.9888,-0.051,0.056,-0.002,998.72,26.78,-0.63
9976,-0.0059,0.0078,0.9907,-0.021,0.087,0.029,998.76,26.79,-0.97
9986,-0.0059,0.0083,0.9907,-0.082,-0.005,-0.032,998.64,26.79,0.05
9996,-0.0088,0.0088,0.9917,-0.021,0.026,-0.093,998.63,26.79,0.13
10006,-0.0054,0.0088,0.9878,0.010,0.026,0.029,998.75,26.79,-0.88
10016,-0.0078,0.0078,0.9897,0.010,-0.035,0.029,998.67,26.79,-0.21
10026,-0.0063,0.0083,0.9863,0.010,-0.066,0.059,998.73,26.79,-0.71
10036,-0.0059,0.0083,0.9946,0.071,0.087,0.029,998.66,26.79,-0.12
10046,-0.0054,0.0088,0.9878,-0.082,-0.188,-0.124,998.63,26.80,0.13
10056,-0.0063,0.0098,0.9927,0.162,0.178,0.059,998.68,26.79,-0.29
10066,-0.0098,0.0083,0.9937,-0.112,-0.188,-0.063,998.71,26.80,-0.54
10076,-0.0078,0.0073,0.9888,0.101,0.026,-0.002,998.69,26.80,-0.38
10086,-0.0088,0.0078,0.9941,-0.082,-0.096,-0.002,998.70,26.80,-0.46
10096,-0.0078,0.0088,0.9912,0.010,0.026,0.029,998.71,26.80,-0.54
10106,-0.0044,0.0088,0.9932,0.010,-0.035,0.029,998.70,26.80,-0.46
10116,-0.0073,0.0107,0.9912,-0.051,-0.005,-0.002,998.73,26.80,-0.71
10126,-0.0049,0.0093,0.9917,0.010,0.087,0.029,998.68,26.80,-0.29
10136,-0.0063,0.0083,0.9917,0.010,-0.005,-0.032,998.73,26.81,-0.71
10146,-0.0078,0.0088,0.9888,-0.021,-0.005,0.029,998.61,26.81,0.30
10156,-0.0063,0.0093,0.9902,-0.021,-0.005,0.029,998.77,26.81,-1.05
10166,-0.0088,0.0073,0.9897,-0.051,-0.066,-0.032,998.71,26.81,-0.54
10176,-0.0068,0.0083,0.9888,-0.021,-0.005,0.029,998.67,26.81,-0.21
10186,-0.0073,0.0073,0.9902,-0.021,-0.096,-0.032,998.73,26.81,-0.71
10196,-0.0063,0.0083,0.9893,0.010,-0.035,-0.002,998.76,26.81,-0.97
10206,-0.0039,0.0093,0.9902,-0.051,-0.035,-0.032,998.79,26.81,-1.22
10216,-0.0088,0.0083,0.9912,-0.082,0.026,-0.002,998.70,26.81,-0.46
10226,-0.0059,0.0083,0.9902,-0.021,-0.005,-0.002,998.65,26.81,-0.04
10236,-0.0083,0.0078,0.9907,-0.082,0.026,-0.002,998.65,26.81,-0.04
10246,-0.0068,0.0073,0.9902,0.010,-0.005,-0.063,998.66,26.81,-0.12
10256,-0.0059,0.0088,0.9902,0.010,0.056,0.029,998.65,26.82,-0.04
10266,-0.0083,0.0083,0.9912,0.010,-0.035,0.029,998.61,26.81,0.30
10276,-0.0044,0.0088,0.9907,0.010,-0.005,0.029,998.73,26.82,-0.71
10286,-0.0068,0.0088,0.9927,-0.021,-0.035,0.029,998.73,26.82,-0.71
10296,-0.0063,0.0103,0.9897,0.040,-0.005,-0.002,998.76,26.82,-0.97
10306,-0.0054,0.0088,0.9927,0.010,0.026,0.029,998.61,26.82,0.30
10316,-0.0078,0.0073,0.9912,0.071,-0.005,-0.002,998.64,26.82,0.05
10326,-0.0044,0.0073,0.9893,-0.051,0.026,-0.002,998.69,26.82,-0.38
10336,-0.0078,0.0088,0.9897,-0.051,0.026,-0.093,998.71,26.82,-0.54
10346,-0.0063,0.0103,0.9922,-0.021,0.026,-0.093,998.71,26.82,-0.54
10356,-0.0049,0.0088,0.9907,-0.051,-0.005,-0.032,998.76,26.82,-0.97
10366,-0.0078,0.0088,0.9917,0.010,0.026,-0.032,998.72,26.82,-0.63
10376,-0.0034,0.0093,0.9946,-0.021,-0.005,0.029,998.70,26.83,-0.46
10386,-0.0073,0.0093,0.9893,0.010,-0.005,-0.032,998.63,26.83,0.13
10396,-0.0063,0.0078,0.9907,-0.051,-0.035,-0.032,998.73,26.82,-0.71
10406,-0.0054,0.0073,0.9937,0.040,-0.066,0.059,998.69,26.83,-0.38
10416,-0.0083,0.0059,0.9907,0.071,-0.035,-0.032,998.70,26.82,-0.46
10426,-0.0054,0.0078,0.9902,-0.051,-0.035,-0.063,998.66,26.83,-0.12
10436,-0.0073,0.0068,0.9893,0.010,-0.035,-0.032,998.76,26.83,-0.97
10446,-0.0049,0.0088,0.9912,0.010,-0.005,-0.002,998.68,26.83,-0.29
10456,-0.0039,0.0083,0.9902,-0.051,0.026,0.029,998.78,26.83,-1.14
10466,-0.0068,0.0073,0.9868,-0.051,0.087,0.029,998.67,26.83,-0.21
10476,-0.0054,0.0078,0.9912,0.010,-0.035,0.029,998.67,26.83,-0.21
10486,-0.0078,0.0078,0.9888,0.010,-0.005,-0.002,998.80,26.83,-1.31
10496,-0.0063,0.0078,0.9932,0.040,0.026,0.029,998.72,26.83,-0.63
10506,-0.0059,0.0093,0.9912,-0.021,-0.035,-0.002,998.67,26.83,-0.21
10516,-0.0073,0.0073,0.9912,0.010,0.087,0.029,998.73,26.83,-0.71
10526,-0.0034,0.0088,0.9907,-0.021,0.026,-0.002,998.80,26.83,-1.31
10536,-0.0063,0.0073,0.9932,-0.021,0.026,-0.032,998.67,26.83,-0.21
10546,-0.0054,0.0088,0.9927,0.010,-0.005,-0.063,998.66,26.83,-0.12
10556,-0.0063,0.0093,0.9897,0.010,0.026,-0.032,998.74,26.84,-0.80
10566,-0.0078,0.0068,0.9912,0.040,-0.005,-0.032,998.74,26.84,-0.80
10576,-0.0059,0.0068,0.9927,0.071,-0.005,-0.063,998.75,26.84,-0.88
10586,-0.0112,0.0073,0.9878,-0.021,0.056,0.029,998.72,26.84,-0.63
10596,-0.0068,0.0068,0.9902,0.010,0.026,-0.002,998.73,26.83,-0.71
10606,-0.0073,0.0068,0.9907,-0.051,-0.035,-0.002,998.67,26.84,-0.21
10616,-0.0093,0.0083,0.9897,0.010,0.026,-0.032,998.76,26.84,-0.97
10626,-0.0049,0.0093,0.9893,0.010,0.026,-0.002,998.74,26.84,-0.80
10636,-0.0088,0.0068,0.9917,-0.021,0.026,-0.032,998.65,26.84,-0.04
10646,-0.0054,0.0073,0.9902,-0.021,0.026,-0.032,998.72,26.84,-0.63
10656,-0.0063,0.0088,0.9927,-0.082,0.087,-0.093,998.72,26.84,-0.63
10666,-0.0054,0.0068,0.9932,-0.021,0.087,-0.002,998.69,26.84,-0.38
10676,-0.0044,0.0078,0.9917,-0.021,0.026,-0.032,998.75,26.84,-0.88
10686,-0.0063,0.0078,0.9922,0.040,0.056,-0.032,998.70,26.84,-0.46
10696,-0.0044,0.0083,0.9932,-0.051,-0.005,0.059,998.68,26.84,-0.29
10706,-0.0068,0.0078,0.9922,-0.051,-0.005,-0.002,998.63,26.84,0.13
10716,-0.0054,0.0083,0.9902,-0.021,-0.066,-0.032,998.68,26.84,-0.29
10726,-0.0049,0.0103,0.9917,-0.051,-0.035,-0.002,998.68,26.84,-0.29
10736,-0.0093,0.0078,0.9912,-0.082,-0.066,-0.002,998.73,26.84,-0.71
10746,-0.0049,0.0073,0.9941,0.010,-0.005,-0.032,998.72,26.84,-0.63
10756,-0.0068,0.0078,0.9917,0.010,0.056,-0.032,998.66,26.84,-0.12
10766,-0.0059,0.0063,0.9927,-0.021,-0.005,-0.002,998.72,26.84,-0.63
10776,-0.0039,0.0078,0.9893,0.010,-0.035,-0.032,998.70,26.84,-0.46
10786,-0.0083,0.0063,0.9912,-0.021,0.026,-0.063,998.71,26.85,-0.54
10796,-0.0024,0.0093,0.9932,-0.021,0.026,-0.063,998.74,26.84,-0.80
10806,-0.0063,0.0088,0.9897,-0.021,0.087,0.029,998.73,26.85,-0.71
10816,-0.0068,0.0083,0.9927,0.010,0.026,-0.002,998.71,26.85,-0.54
10826,-0.0059,0.0103,0.9902,-0.021,-0.035,-0.002,998.69,26.85,-0.38
10836,-0.0073,0.0073,0.9932,0.010,0.178,0.059,998.73,26.85,-0.71
10846,-0.0059,0.0059,1.0005,0.101,0.087,0.059,998.71,26.85,-0.54
10856,-0.0063,0.0078,0.9893,-0.142,-0.127,-0.063,998.75,26.85,-0.88
10866,-0.0063,0.0083,0.9941,0.162,0.209,0.090,998.68,26.85,-0.29
10876,-0.0044,0.0088,0.9912,-0.203,-0.157,-0.063,998.78,26.85,-1.14
10886,-0.0073,0.0098,0.9912,0.132,0.239,0.090,998.71,26.85,-0.54
10896,-0.0054,0.0093,0.9902,-0.082,-0.096,-0.124,998.70,26.85,-0.46
10906,-0.0078,0.0078,0.9888,-0.021,0.117,-0.063,998.71,26.85,-0.54
10916,-0.0044,0.0078,0.9917,0.010,-0.066,-0.002,998.74,26.85,-0.80
10926,-0.0049,0.0083,0.9927,-0.051,0.026,-0.063,998.70,26.85,-0.46
10936,-0.0073,0.0073,0.9932,0.040,0.117,-0.002,998.73,26.85,-0.71
10946,-0.0059,0.0078,0.9927,-0.021,-0.035,-0.032,998.68,26.85,-0.29
10956,-0.0088,0.0107,0.9902,0.010,-0.035,-0.032,998.70,26.85,-0.46
10966,-0.0063,0.0103,0.9912,0.071,-0.005,0.059,998.63,26.85,0.13
10976,-0.0059,0.0112,0.9888,-0.021,-0.035,-0.002,998.65,26.85,-0.04
10986,-0.0083,0.0098,0.9893,0.071,0.026,-0.002,998.66,26.86,-0.12
10996,-0.0054,0.0093,0.9946,-0.021,0.056,-0.093,998.69,26.85,-0.38
11006,-0.0093,0.0078,0.9927,0.010,0.026,0.029,998.68,26.86,-0.29
11016,-0.0063,0.0073,0.9922,0.010,0.056,0.029,998.70,26.86,-0.46
11026,-0.0068,0.0073,0.9888,-0.021,-0.035,-0.032,998.73,26.86,-0.71
11036,-0.0073,0.0078,0.9917,0.101,0.026,0.029,998.78,26.86,-1.14
11046,-0.0059,0.0078,0.9912,-0.051,-0.066,0.029,998.70,26.86,-0.46
11056,-0.0093,0.0088,0.9922,0.010,-0.066,-0.002,998.73,26.85,-0.71
11066,-0.0054,0.0098,0.9922,-0.021,-0.005,-0.032,998.72,26.86,-0.63
11076,-0.0083,0.0103,0.9902,0.040,-0.005,0.029,998.68,26.86,-0.29
11086,-0.0088,0.0088,0.9912,0.010,-0.005,-0.002,998.67,26.86,-0.21
11096,-0.0049,0.0103,0.9893,-0.082,-0.035,0.059,998.75,26.86,-0.88
11106,-0.0088,0.0078,0.9897,-0.021,0.026,-0.002,998.73,26.86,-0.71
11116,-0.0049,0.0088,0.9922,0.010,-0.005,-0.032,998.70,26.86,-0.46
11126,-0.0059,0.0068,0.9917,-0.021,0.026,-0.002,998.71,26.86,-0.54
11136,-0.0059,0.0063,0.9893,-0.051,-0.005,0.029,998.73,26.86,-0.71
11146,-0.0039,0.0088,0.9907,0.010,0.056,-0.002,998.70,26.86,-0.46
11156,-0.0078,0.0083,0.9922,0.010,0.026,0.029,998.77,26.86,-1.05
11166,-0.0044,0.0078,0.9941,-0.021,0.026,-0.002,998.70,26.86,-0.46
11176,-0.0073,0.0088,0.9932,0.040,-0.035,-0.002,998.70,26.86,-0.46
11186,-0.0063,0.0073,0.9927,0.010,-0.005,-0.002,998.63,26.86,0.13
11196,-0.0059,0.0063,0.9922,0.010,0.056,0.029,998.76,26.86,-0.97
11206,-0.0073,0.0054,0.9907,0.010,-0.005,0.029,998.70,26.86,-0.46
11216,-0.0034,0.0073,0.9907,0.040,-0.035,0.059,998.72,26.86,-0.63
11226,-0.0088,0.0093,0.9917,0.010,0.087,-0.032,998.70,26.86,-0.46
11236,-0.0078,0.0107,0.9917,-0.021,-0.005,-0.032,998.77,26.86,-1.05
11246,-0.0073,0.0093,0.9922,0.040,-0.035,-0.002,998.75,26.86,-0.88
11256,-0.0093,0.0078,0.9912,0.010,0.026,-0.002,998.74,26.86,-0.80
11266,-0.0044,0.0093,0.9917,0.040,0.026,-0.002,998.63,26.86,0.13
11276,-0.0078,0.0083,0.9912,0.010,0.026,0.029,998.68,26.87,-0.29
11286,-0.0059,0.0093,0.9907,0.010,-0.035,0.059,998.67,26.87,-0.21
11296,-0.0059,0.0078,0.9912,0.010,-0.035,0.120,998.73,26.87,-0.71
11306,-0.0088,0.0073,0.9897,0.010,0.026,0.029,998.76,26.87,-0.97
11316,-0.0039,0.0093,0.9927,0.010,-0.005,-0.032,998.73,26.86,-0.71
11326,-0.0083,0.0073,0.9897,-0.021,-0.005,-0.002,998.66,26.87,-0.12
11336,-0.0063,0.0093,0.9927,-0.082,-0.035,0.059,998.78,26.86,-1.14
11347,-0.0068,0.0088,0.9912,-0.021,-0.005,-0.002,998.71,26.86,-0.54
11358,-0.0068,0.0083,0.9897,-0.021,0.026,0.029,998.69,26.87,-0.38
11366,-0.0049,0.0078,0.9897,-0.021,-0.035,0.029,998.79,26.87,-1.22
11376,-0.0073,0.0078,0.9912,0.040,-0.035,0.059,998.68,26.87,-0.29
11386,-0.0039,0.0088,0.9922,-0.021,-0.066,0.029,998.72,26.87,-0.63
11396,-0.0059,0.0088,0.9907,0.010,-0.005,0.029,998.70,26.87,-0.46
11406,-0.0078,0.0088,0.9927,0.010,-0.005,0.029,998.67,26.87,-0.21
11416,-0.0049,0.0098,0.9888,0.010,-0.005,-0.002,998.70,26.87,-0.46
11426,-0.0063,0.0073,0.9883,0.010,0.056,-0.002,998.69,26.87,-0.38
11436,-0.0044,0.0098,0.9897,0.010,-0.005,-0.002,998.81,26.87,-1.39
11446,-0.0073,0.0083,0.9912,0.040,-0.005,0.029,998.72,26.88,-0.63
11456,-0.0088,0.0073,0.9907,-0.021,-0.005,-0.032,998.72,26.87,-0.63
11466,-0.0049,0.0083,0.9888,0.010,-0.035,0.029,998.66,26.87,-0.12
11476,-0.0083,0.0098,0.9897,-0.051,0.026,0.029,998.75,26.87,-0.88
11486,-0.0054,0.0083,0.9917,-0.021,0.026,0.059,998.69,26.87,-0.38
11496,-0.0063,0.0083,0.9912,-0.051,0.026,-0.002,998.73,26.87,-0.71
11506,-0.0063,0.0083,0.9902,-0.021,0.026,0.029,998.68,26.87,-0.29
11516,-0.0049,0.0068,0.9912,0.040,0.056,0.029,998.65,26.88,-0.04
11526,-0.0073,0.0083,0.9893,-0.021,-0.005,0.059,998.62,26.87,0.22
11536,-0.0044,0.0083,0.9922,0.010,-0.066,0.029,998.69,26.88,-0.38
11546,-0.0078,0.0073,0.9912,0.010,-0.035,0.029,998.74,26.88,-0.80
11556,-0.0044,0.0093,0.9917,0.040,-0.035,0.029,998.64,26.88,0.05
11566,-0.0059,0.0098,0.9897,0.010,0.056,0.029,998.75,26.88,-0.88
11576,-0.0078,0.0078,0.9907,-0.021,0.026,-0.002,998.72,26.87,-0.63
11586,-0.0039,0.0078,0.9946,0.040,0.026,-0.002,998.75,26.87,-0.88
11596,-0.0059,0.0078,0.9917,0.040,-0.035,0.059,998.74,26.87,-0.80
11606,-0.0063,0.0098,0.9902,0.040,0.026,-0.002,998.73,26.88,-0.71
11616,-0.0054,0.0083,0.9888,-0.021,-0.005,-0.032,998.73,26.88,-0.71
11626,-0.0073,0.0068,0.9883,0.010,0.026,-0.032,998.72,26.88,-0.63
11636,-0.0068,0.0093,0.9917,-0.021,0.056,-0.093,998.70,26.88,-0.46
11646,-0.0078,0.0093,0.9922,0.010,-0.005,-0.002,998.70,26.88,-0.46
11656,-0.0059,0.0088,0.9912,0.040,-0.005,0.059,998.72,26.88,-0.63
11666,-0.0054,0.0093,0.9922,0.010,0.026,-0.002,998.65,26.88,-0.04
11676,-0.0068,0.0083,0.9917,0.010,-0.035,-0.002,998.75,26.88,-0.88
11686,-0.0034,0.0098,0.9888,0.040,0.026,-0.063,998.69,26.88,-0.38
11696,-0.0078,0.0078,0.9912,0.040,-0.005,-0.093,998.72,26.88,-0.63
11706,-0.0054,0.0063,0.9932,0.040,0.026,-0.002,998.71,26.88,-0.54
11716,-0.0063,0.0068,0.9912,-0.021,0.056,-0.063,998.71,26.88,-0.54
11726,-0.0068,0.0073,0.9888,-0.082,0.056,-0.032,998.79,26.88,-1.22
11736,-0.0059,0.0093,0.9922,-0.082,0.056,0.029,998.84,26.88,-1.64
11746,-0.0078,0.0063,0.9937,-0.021,-0.005,0.029,998.69,26.88,-0.38
11756,-0.0039,0.0088,0.9917,-0.021,-0.005,-0.063,998.67,26.88,-0.21
11766,-0.0063,0.0083,0.9907,0.040,0.026,-0.032,998.68,26.88,-0.29
11776,-0.0088,0.0103,0.9932,0.040,-0.035,-0.032,998.71,26.88,-0.54
11786,-0.0054,0.0093,0.9902,0.010,-0.005,-0.032,998.70,26.88,-0.46
11796,-0.0073,0.0083,0.9907,0.040,-0.005,-0.063,998.69,26.88,-0.38
11806,-0.0059,0.0083,0.9907,0.010,-0.005,-0.063,998.74,26.88,-0.80
11816,-0.0073,0.0088,0.9917,0.010,0.026,-0.063,998.66,26.89,-0.12
11826,-0.0083,0.0088,0.9932,0.040,-0.005,0.029,998.74,26.88,-0.80
11836,-0.0044,0.0083,0.9917,0.040,-0.035,-0.002,998.71,26.88,-0.54
11846,-0.0083,0.0054,0.9897,0.010,-0.005,-0.093,998.73,26.88,-0.71
11856,-0.0044,0.0054,0.9897,-0.021,-0.035,-0.002,998.69,26.88,-0.38
11866,-0.0063,0.0068,0.9922,0.010,-0.035,-0.002,998.67,26.89,-0.21
11876,-0.0049,0.0078,0.9907,0.071,-0.035,-0.002,998.67,26.89,-0.21
11886,-0.0059,0.0083,0.9946,-0.021,-0.035,-0.032,998.66,26.89,-0.12
11896,-0.0078,0.0083,0.9922,-0.021,-0.005,-0.032,998.78,26.89,-1.14
11906,-0.0044,0.0088,0.9937,0.040,-0.035,-0.002,998.67,26.89,-0.21
11916,-0.0088,0.0088,0.9927,-0.021,0.026,-0.032,998.69,26.88,-0.38
11926,-0.0088,0.0083,0.9917,0.040,0.026,-0.063,998.81,26.89,-1.39
11936,-0.0049,0.0083,0.9893,0.010,0.026,-0.063,998.75,26.89,-0.88
11946,-0.0103,0.0078,0.9893,0.010,-0.035,-0.093,998.69,26.89,-0.38
11956,-0.0049,0.0078,0.9878,0.040,-0.066,-0.002,998.68,26.89,-0.29
11966,-0.0068,0.0078,0.9888,-0.021,-0.035,-0.002,998.81,26.89,-1.39
11976,-0.0044,0.0078,0.9912,0.010,-0.005,0.029,998.71,26.89,-0.54
11986,-0.0034,0.0083,0.9927,0.040,-0.005,0.059,998.71,26.89,-0.54
11996,-0.0059,0.0078,0.9927,0.071,0.026,-0.002,998.71,26.89,-0.54
12006,-0.0044,0.0098,0.9902,-0.051,-0.005,0.029,998.73,26.89,-0.71
12016,-0.0078,0.0073,0.9912,0.040,-0.005,0.029,998.73,26.89,-0.71
12026,-0.0063,0.0093,0.9912,0.010,0.026,0.029,998.71,26.89,-0.54
12036,-0.0063,0.0088,0.9951,0.010,-0.035,-0.002,998.70,26.89,-0.46
12046,-0.0083,0.0083,0.9927,0.040,-0.005,-0.002,998.71,26.89,-0.54
12056,-0.0039,0.0093,0.9941,0.010,-0.005,-0.063,998.67,26.89,-0.21
12066,-0.0078,0.0088,0.9912,0.010,0.026,-0.032,998.66,26.89,-0.12
12076,-0.0059,0.0088,0.9917,-0.021,-0.005,-0.002,998.76,26.89,-0.97
12086,-0.0044,0.0093,0.9917,0.040,0.056,-0.002,998.67,26.89,-0.21
12096,-0.0073,0.0078,0.9917,0.010,0.026,0.029,998.66,26.89,-0.12
12106,-0.0044,0.0083,0.9917,0.010,0.026,0.029,998.70,26.89,-0.46
12116,-0.0088,0.0078,0.9917,0.010,-0.005,0.029,998.65,26.89,-0.04
12126,-0.0054,0.0088,0.9907,-0.021,-0.005,0.029,998.72,26.89,-0.63
12136,-0.0054,0.0088,0.9927,0.010,-0.005,-0.032,998.66,26.89,-0.12
12146,-0.0073,0.0073,0.9897,0.040,0.026,0.059,998.78,26.89,-1.14
12156,-0.0044,0.0093,0.9912,-0.021,-0.035,0.029,998.66,26.89,-0.12
12166,-0.0068,0.0078,0.9907,-0.021,-0.035,-0.032,998.78,26.89,-1.14
12176,-0.0049,0.0093,0.9927,-0.021,-0.035,-0.093,998.80,26.89,-1.31
12186,-0.0039,0.0088,0.9922,0.010,-0.005,-0.063,998.65,26.89,-0.04
12196,-0.0078,0.0083,0.9922,0.010,0.056,-0.032,998.71,26.89,-0.54
12206,-0.0034,0.0098,0.9917,0.010,-0.035,-0.032,998.66,26.89,-0.12
12216,-0.0059,0.0103,0.9912,0.010,-0.035,-0.002,998.74,26.89,-0.80
12226,-0.0063,0.0093,0.9888,0.040,-0.005,-0.032,998.72,26.89,-0.63
12236,-0.0063,0.0083,0.9937,0.010,0.056,-0.032,998.70,26.89,-0.46
12246,-0.0063,0.0073,0.9932,0.040,0.087,-0.063,998.63,26.89,0.13
12256,-0.0063,0.0098,0.9922,-0.021,-0.005,-0.063,998.66,26.89,-0.12
12266,-0.0093,0.0093,0.9917,-0.051,-0.005,-0.032,998.70,26.89,-0.46
12276,-0.0044,0.0083,0.9897,-0.051,-0.066,-0.032,998.70,26.90,-0.46
12286,-0.0059,0.0078,0.9917,0.040,0.056,-0.032,998.72,26.89,-0.63
12296,-0.0073,0.0088,0.9941,0.040,0.026,-0.093,998.75,26.89,-0.88
12306,-0.0068,0.0093,0.9941,-0.051,-0.005,-0.063,998.67,26.90,-0.21
12316,-0.0083,0.0098,0.9917,-0.021,-0.005,-0.002,998.68,26.90,-0.29
12326,-0.0044,0.0093,0.9917,-0.021,-0.035,0.029,998.77,26.89,-1.05
12336,-0.0059,0.0059,0.9888,0.040,0.026,0.029,998.70,26.89,-0.46
12347,-0.0073,0.0083,0.9893,0.010,-0.035,0.029,998.74,26.89,-0.80
12357,-0.0073,0.0098,0.9927,0.010,0.056,-0.093,998.65,26.89,-0.04
12366,-0.0073,0.0088,0.9922,-0.051,-0.035,-0.032,998.73,26.89,-0.71
12376,-0.0044,0.0093,0.9941,-0.021,0.026,-0.032,998.73,26.90,-0.71
12386,-0.0059,0.0083,0.9922,0.010,-0.005,-0.002,998.71,26.90,-0.54
12396,-0.0054,0.0088,0.9897,-0.051,-0.005,-0.002,998.69,26.89,-0.38
12406,-0.0054,0.0093,0.9888,-0.021,-0.005,-0.063,998.73,26.90,-0.71
12416,-0.0083,0.0078,0.9927,0.010,-0.005,-0.032,998.73,26.90,-0.71
12426,-0.0039,0.0083,0.9897,0.040,-0.096,-0.002,998.82,26.90,-1.47
12436,-0.0068,0.0083,0.9917,0.040,-0.035,-0.032,998.68,26.90,-0.29
12446,-0.0078,0.0078,0.9912,0.010,-0.035,-0.002,998.73,26.90,-0.71
12456,-0.0054,0.0073,0.9888,-0.051,-0.066,-0.002,998.75,26.90,-0.88
12466,-0.0063,0.0068,0.9912,-0.021,-0.035,-0.002,998.72,26.90,-0.63
12476,-0.0020,0.0088,0.9902,-0.021,0.026,-0.032,998.69,26.90,-0.38
12486,-0.0083,0.0078,0.9941,-0.021,-0.005,-0.032,998.70,26.90,-0.46
12496,-0.0059,0.0088,0.9902,-0.021,-0.005,-0.002,998.75,26.90,-0.88
12506,-0.0054,0.0098,0.9907,-0.021,0.026,0.029,998.76,26.90,-0.97
12516,-0.0068,0.0073,0.9927,0.010,-0.005,-0.032,998.62,26.90,0.22
12526,-0.0044,0.0103,0.9932,-0.021,0.117,-0.032,998.80,26.90,-1.31
12536,-0.0073,0.0098,0.9927,-0.051,0.026,-0.002,998.62,26.90,0.22
12546,-0.0059,0.0073,0.9917,-0.051,-0.035,-0.032,998.75,26.90,-0.88
12556,-0.0063,0.0088,0.9897,0.010,0.056,-0.032,998.65,26.90,-0.04
12566,-0.0068,0.0083,0.9902,0.010,-0.005,-0.063,998.69,26.90,-0.38
12576,-0.0049,0.0098,0.9917,-0.051,-0.035,-0.063,998.71,26.90,-0.54
12586,-0.0088,0.0098,0.9932,0.010,-0.035,-0.032,998.71,26.90,-0.54
12596,-0.0039,0.0093,0.9888,0.010,-0.035,0.029,998.74,26.90,-0.80
12606,-0.0063,0.0088,0.9902,-0.021,0.056,-0.002,998.73,26.90,-0.71
12616,-0.0078,0.0068,0.9907,-0.021,0.026,-0.002,998.70,26.90,-0.46
12626,-0.0044,0.0093,0.9941,-0.021,-0.035,0.059,998.66,26.90,-0.12
12636,-0.0073,0.0088,0.9907,0.010,-0.005,-0.002,998.70,26.90,-0.46
12646,-0.0059,0.0078,0.9917,0.010,0.026,0.059,998.80,26.90,-1.31
12656,-0.0078,0.0083,0.9907,-0.051,-0.035,-0.002,998.76,26.91,-0.97
12666,-0.0083,0.0078,0.9907,-0.021,-0.005,-0.002,998.78,26.90,-1.14
12676,-0.0044,0.0068,0.9912,-0.021,-0.035,0.029,998.75,26.91,-0.88
12686,-0.0098,0.0093,0.9907,-0.051,-0.005,0.059,998.83,26.90,-1.56
12696,-0.0044,0.0078,0.9917,-0.051,-0.035,-0.002,998.72,26.90,-0.63
12706,-0.0088,0.0078,0.9897,-0.021,-0.066,-0.002,998.64,26.90,0.05
12716,-0.0063,0.0068,0.9907,-0.021,0.056,0.029,998.71,26.90,-0.54
12726,-0.0049,0.0083,0.9917,-0.051,0.026,-0.032,998.75,26.90,-0.88
12736,-0.0073,0.0088,0.9883,-0.021,-0.066,-0.002,998.74,26.90,-0.80
12746,-0.0044,0.0083,0.9912,0.010,-0.005,-0.002,998.68,26.90,-0.29
12756,-0.0059,0.0059,0.9912,-0.021,0.056,0.029,998.69,26.91,-0.38
12766,-0.0068,0.0073,0.9917,0.071,0.056,-0.002,998.76,26.90,-0.97
12776,-0.0034,0.0088,0.9937,-0.021,-0.066,-0.032,998.73,26.91,-0.71
12786,-0.0073,0.0083,0.9878,-0.021,-0.005,-0.002,998.77,26.90,-1.05
12796,-0.0039,0.0083,0.9937,-0.021,0.026,-0.063,998.67,26.90,-0.21
12806,-0.0073,0.0078,0.9927,0.010,0.026,-0.032,998.66,26.91,-0.12
12816,-0.0054,0.0068,0.9897,-0.021,0.026,-0.063,998.75,26.90,-0.88
12826,-0.0054,0.0088,0.9932,-0.021,0.056,-0.032,998.76,26.90,-0.97
12836,-0.0078,0.0073,0.9917,0.010,-0.005,0.029,998.71,26.90,-0.54
12846,-0.0049,0.0088,0.9902,-0.021,-0.035,0.059,998.67,26.90,-0.21
12856,-0.0078,0.0068,0.9893,0.010,0.026,0.029,998.74,26.91,-0.80
12866,-0.0034,0.0088,0.9902,-0.051,0.026,-0.002,998.65,26.91,-0.04
12876,-0.0049,0.0107,0.9932,-0.051,-0.005,0.029,998.71,26.90,-0.54
12886,-0.0093,0.0098,0.9937,-0.021,-0.005,-0.032,998.74,26.90,-0.80
12896,-0.0049,0.0093,0.9946,-0.021,0.056,-0.002,998.83,26.90,-1.56
12906,-0.0093,0.0078,0.9932,0.040,0.026,0.029,998.68,26.91,-0.29
12916,-0.0039,0.0088,0.9932,-0.082,0.026,-0.063,998.65,26.90,-0.04
12926,-0.0039,0.0073,0.9912,-0.021,0.056,-0.063,998.65,26.91,-0.04
12936,-0.0073,0.0078,0.9917,-0.082,-0.035,-0.002,998.74,26.91,-0.80
12946,-0.0049,0.0098,0.9941,-0.021,-0.096,-0.002,998.69,26.91,-0.38
12956,-0.0083,0.0068,0.9897,-0.051,-0.096,-0.032,998.71,26.91,-0.54
12966,-0.0039,0.0088,0.9932,-0.051,-0.005,-0.002,998.74,26.91,-0.80
12976,-0.0073,0.0083,0.9897,-0.021,0.026,-0.002,998.64,26.91,0.05
12986,-0.0068,0.0068,0.9897,-0.051,-0.035,-0.032,998.73,26.91,-0.71
12996,-0.0039,0.0093,0.9893,-0.021,0.056,-0.002,998.70,26.91,-0.46
13006,-0.0068,0.0088,0.9907,0.040,-0.005,-0.032,998.71,26.91,-0.54
13016,-0.0063,0.0098,0.9927,-0.021,0.026,-0.002,998.68,26.91,-0.29
13026,-0.0103,0.0088,0.9932,-0.021,0.056,0.029,998.74,26.91,-0.80
13036,-0.0088,0.0068,0.9941,-0.021,0.026,0.059,998.72,26.91,-0.63
13046,-0.0039,0.0093,0.9907,0.010,0.026,-0.002,998.71,26.91,-0.54
13056,-0.0088,0.0073,0.9907,0.010,0.056,-0.002,998.68,26.91,-0.29
13066,-0.0044,0.0093,0.9907,0.071,-0.005,-0.002,998.72,26.91,-0.63
13076,-0.0088,0.0083,0.9937,0.071,0.026,-0.002,998.80,26.91,-1.31
13086,-0.0083,0.0088,0.9941,0.010,0.056,-0.002,998.74,26.91,-0.80
13096,-0.0054,0.0088,0.9927,0.010,-0.035,-0.002,998.72,26.91,-0.63
13106,-0.0083,0.0063,0.9873,0.010,-0.005,-0.002,998.77,26.91,-1.05
13116,-0.0054,0.0088,0.9883,0.010,-0.066,0.029,998.70,26.91,-0.46
13126,-0.0088,0.0088,0.9927,0.010,-0.005,0.029,998.70,26.91,-0.46
13136,-0.0059,0.0068,0.9917,-0.021,-0.066,0.029,998.71,26.91,-0.54
13146,-0.0054,0.0083,0.9961,-0.082,-0.096,0.059,998.72,26.91,-0.63
13156,-0.0068,0.0044,0.9917,-0.021,-0.096,0.059,998.66,26.91,-0.12
13166,-0.0039,0.0088,0.9937,0.010,-0.005,-0.002,998.72,26.91,-0.63
13176,-0.0068,0.0078,0.9946,-0.021,-0.035,0.029,998.75,26.91,-0.88
13186,-0.0068,0.0083,0.9941,-0.051,-0.005,-0.002,998.75,26.91,-0.88
13196,-0.0073,0.0073,0.9937,-0.021,0.026,-0.002,998.67,26.91,-0.21
13206,-0.0088,0.0088,0.9922,0.010,0.026,-0.063,998.73,26.91,-0.71
13216,-0.0034,0.0088,0.9917,-0.021,0.026,-0.063,998.68,26.91,-0.29
13226,-0.0078,0.0093,0.9927,-0.051,0.026,-0.032,998.72,26.91,-0.63
13236,-0.0054,0.0103,0.9932,0.010,0.026,-0.002,998.69,26.91,-0.38
13246,-0.0088,0.0098,0.9902,0.010,0.026,-0.032,998.73,26.91,-0.71
13256,-0.0083,0.0093,0.9902,-0.021,-0.005,-0.032,998.69,26.91,-0.38
13266,-0.0063,0.0083,0.9888,-0.021,0.056,-0.002,998.78,26.91,-1.14
13276,-0.0073,0.0093,0.9888,-0.021,0.026,-0.002,998.78,26.91,-1.14
13286,-0.0049,0.0093,0.9897,-0.021,0.026,-0.002,998.74,26.91,-0.80
13296,-0.0068,0.0078,0.9917,-0.021,-0.005,0.059,998.69,26.91,-0.38
13306,-0.0078,0.0103,0.9941,0.010,-0.005,-0.032,998.70,26.91,-0.46
13316,-0.0034,0.0098,0.9883,0.010,-0.005,-0.032,998.79,26.91,-1.22
13326,-0.0078,0.0088,0.9907,0.010,-0.005,-0.032,998.70,26.91,-0.46
13336,-0.0039,0.0098,0.9932,0.010,-0.035,-0.093,998.69,26.91,-0.38
13347,-0.0078,0.0078,0.9912,-0.082,-0.005,-0.002,998.69,26.91,-0.38
13358,-0.0059,0.0068,0.9902,-0.021,-0.035,-0.002,998.72,26.91,-0.63
13366,-0.0063,0.0088,0.9917,0.010,-0.005,-0.032,998.67,26.91,-0.21
13376,-0.0078,0.0083,0.9956,-0.021,0.056,-0.002,998.70,26.91,-0.46
13386,-0.0063,0.0093,0.9927,0.040,-0.035,-0.032,998.75,26.91,-0.88
13396,-0.0063,0.0078,0.9897,0.010,-0.005,0.029,998.74,26.91,-0.80
13406,-0.0078,0.0083,0.9927,0.010,0.026,0.059,998.66,26.92,-0.12
13416,-0.0054,0.0088,0.9941,0.010,0.056,-0.002,998.73,26.92,-0.71
13426,-0.0078,0.0093,0.9907,0.010,0.056,-0.002,998.67,26.92,-0.21
13436,-0.0049,0.0083,0.9912,0.010,0.056,-0.032,998.73,26.91,-0.71
13446,-0.0059,0.0098,0.9902,0.040,-0.005,-0.002,998.75,26.92,-0.88
13456,-0.0049,0.0103,0.9927,0.071,-0.005,-0.002,998.79,26.92,-1.22
13466,-0.0034,0.0122,0.9907,0.010,0.026,-0.032,998.68,26.91,-0.29
13476,-0.0063,0.0083,0.9888,0.010,0.026,-0.002,998.75,26.92,-0.88
13486,-0.0059,0.0088,0.9888,-0.021,0.026,-0.032,998.71,26.92,-0.54
13496,-0.0078,0.0078,0.9927,-0.021,-0.035,0.029,998.72,26.92,-0.63
13506,-0.0068,0.0063,0.9912,0.010,-0.035,-0.002,998.71,26.92,-0.54
13516,-0.0039,0.0103,0.9937,-0.021,-0.005,0.029,998.71,26.92,-0.54
13526,-0.0083,0.0078,0.9932,-0.021,0.026,-0.063,998.68,26.91,-0.29
13536,-0.0049,0.0103,0.9941,0.010,-0.005,-0.032,998.76,26.92,-0.97
13546,-0.0083,0.0083,0.9937,0.010,0.056,-0.002,998.75,26.92,-0.88
13556,-0.0054,0.0078,0.9912,0.010,0.026,-0.032,998.69,26.91,-0.38
13566,-0.0049,0.0098,0.9937,-0.051,0.056,-0.032,998.73,26.92,-0.71
13576,-0.0073,0.0088,0.9897,-0.021,0.056,-0.002,998.68,26.92,-0.29
13586,-0.0024,0.0083,0.9927,0.010,0.026,0.029,998.69,26.92,-0.38
13596,-0.0049,0.0088,0.9922,-0.021,-0.005,0.029,998.66,26.92,-0.12
13606,-0.0034,0.0093,0.9922,-0.021,0.026,0.029,998.82,26.92,-1.47
13616,-0.0054,0.0112,0.9922,0.010,-0.035,0.029,998.73,26.92,-0.71
13626,-0.0068,0.0088,0.9927,0.040,-0.005,0.029,998.77,26.92,-1.05
13636,-0.0044,0.0083,0.9922,0.010,-0.005,-0.002,998.78,26.92,-1.14
13646,-0.0098,0.0093,0.9937,-0.082,-0.005,-0.002,998.70,26.92,-0.46
13656,-0.0054,0.0068,0.9907,-0.021,0.026,-0.032,998.66,26.92,-0.12
13666,-0.0068,0.0068,0.9907,0.010,0.026,-0.002,998.74,26.92,-0.80
13676,-0.0083,0.0093,0.9902,-0.051,-0.035,0.059,998.67,26.92,-0.21
13686,-0.0034,0.0093,0.9902,-0.021,-0.005,-0.002,998.67,26.92,-0.21
13696,-0.0093,0.0088,0.9878,-0.051,0.056,-0.002,998.78,26.92,-1.14
13706,-0.0059,0.0078,0.9897,-0.051,-0.005,-0.002,998.75,26.92,-0.88
13716,-0.0073,0.0088,0.9888,0.040,-0.005,0.029,998.77,26.92,-1.05
13726,-0.0078,0.0093,0.9927,-0.021,-0.005,0.029,998.67,26.92,-0.21
13736,-0.0049,0.0103,0.9932,-0.021,0.026,0.120,998.70,26.92,-0.46
13746,-0.0078,0.0068,0.9932,-0.021,-0.035,0.029,998.67,26.92,-0.21
13756,-0.0059,0.0078,0.9907,-0.051,-0.005,-0.002,998.73,26.92,-0.71
13766,-0.0049,0.0093,0.9907,0.010,-0.005,0.029,998.66,26.92,-0.12
13776,-0.0073,0.0078,0.9927,0.010,-0.035,0.090,998.75,26.92,-0.88
13786,-0.0059,0.0078,0.9937,0.010,-0.005,-0.002,998.73,26.92,-0.71
13796,-0.0068,0.0068,0.9927,-0.021,0.026,0.029,998.76,26.92,-0.97
13806,-0.0059,0.0098,0.9937,0.010,-0.035,-0.002,998.77,26.92,-1.05
13816,-0.0063,0.0093,0.9917,0.010,-0.005,-0.002,998.71,26.92,-0.54
13826,-0.0068,0.0098,0.9907,0.010,-0.066,-0.002,998.74,26.92,-0.80
13836,-0.0044,0.0088,0.9907,-0.051,-0.035,-0.032,998.78,26.92,-1.14
13846,-0.0068,0.0078,0.9883,-0.051,0.056,0.029,998.73,26.92,-0.71
13856,-0.0044,0.0093,0.9902,-0.051,-0.005,-0.002,998.74,26.92,-0.80
13866,-0.0073,0.0073,0.9902,-0.051,0.026,-0.032,998.76,26.92,-0.97
13876,-0.0049,0.0068,0.9902,-0.051,-0.005,0.029,998.70,26.92,-0.46
13886,-0.0039,0.0093,0.9902,-0.051,-0.066,0.029,998.69,26.92,-0.38
13896,-0.0063,0.0083,0.9917,0.010,0.026,-0.002,998.71,26.92,-0.54
13906,-0.0034,0.0093,0.9912,0.010,0.026,-0.002,998.76,26.92,-0.97
13916,-0.0078,0.0078,0.9883,0.010,0.026,-0.032,998.69,26.92,-0.38
13926,-0.0068,0.0073,0.9907,0.010,-0.005,-0.124,998.71,26.92,-0.54
13936,-0.0063,0.0098,0.9897,0.010,-0.005,-0.124,998.74,26.92,-0.80
13946,-0.0078,0.0078,0.9922,-0.021,-0.035,-0.063,998.66,26.92,-0.12
13956,-0.0034,0.0107,0.9893,0.040,-0.005,-0.002,998.76,26.92,-0.97
13966,-0.0063,0.0103,0.9922,-0.021,-0.005,0.029,998.80,26.92,-1.31
13976,-0.0068,0.0088,0.9902,-0.021,-0.035,-0.002,998.75,26.92,-0.88
13986,-0.0063,0.0083,0.9932,-0.051,-0.066,0.029,998.76,26.92,-0.97
13996,-0.0093,0.0083,0.9922,-0.051,0.026,-0.032,998.76,26.92,-0.97
14006,-0.0059,0.0107,0.9907,-0.021,0.026,0.029,998.71,26.92,-0.54
14016,-0.0068,0.0083,0.9907,-0.021,0.056,0.029,998.75,26.92,-0.88
14026,-0.0059,0.0098,0.9902,-0.021,-0.005,-0.002,998.71,26.92,-0.54
14036,-0.0073,0.0093,0.9917,0.040,-0.035,-0.032,998.67,26.93,-0.21
14046,-0.0078,0.0078,0.9927,0.040,-0.005,-0.032,998.66,26.92,-0.12
14056,-0.0034,0.0093,0.9922,0.010,-0.035,-0.002,998.73,26.92,-0.71
14066,-0.0078,0.0063,0.9912,-0.021,0.056,-0.002,998.68,26.92,-0.29
14076,-0.0059,0.0068,0.9912,-0.021,-0.005,-0.002,998.71,26.92,-0.54
14086,-0.0063,0.0083,0.9932,-0.021,0.056,-0.032,998.71,26.93,-0.54
14096,-0.0073,0.0088,0.9897,-0.021,0.026,-0.002,998.64,26.92,0.05
14106,-0.0034,0.0088,0.9888,0.010,-0.096,-0.002,998.71,26.93,-0.54
14116,-0.0073,0.0093,0.9922,-0.051,-0.035,0.029,998.73,26.93,-0.71
14126,-0.0054,0.0083,0.9897,-0.051,-0.005,0.059,998.70,26.92,-0.46
14136,-0.0083,0.0088,0.9883,0.010,0.056,-0.002,998.76,26.92,-0.97
14146,-0.0068,0.0093,0.9912,0.040,-0.035,-0.063,998.65,26.92,-0.04
14156,-0.0049,0.0088,0.9912,-0.021,0.026,-0.002,998.74,26.92,-0.80
14166,-0.0088,0.0093,0.9893,-0.021,-0.035,-0.063,998.66,26.93,-0.12
14176,-0.0049,0.0088,0.9893,0.040,-0.005,-0.032,998.71,26.93,-0.54
14186,-0.0068,0.0103,0.9907,0.040,0.026,-0.032,998.75,26.92,-0.88
14196,-0.0059,0.0078,0.9902,-0.021,-0.005,-0.002,998.77,26.93,-1.05
14206,-0.0044,0.0088,0.9927,-0.021,0.026,-0.002,998.67,26.93,-0.21
14216,-0.0078,0.0088,0.9883,0.010,0.026,-0.032,998.71,26.93,-0.54
14226,-0.0049,0.0078,0.9888,-0.021,0.026,-0.002,998.71,26.93,-0.54
14236,-0.0078,0.0088,0.9888,-0.021,-0.035,-0.002,998.73,26.93,-0.71
14246,-0.0068,0.0063,0.9873,-0.021,-0.005,-0.002,998.67,26.93,-0.21
14256,-0.0073,0.0098,0.9888,-0.021,-0.005,-0.093,998.68,26.92,-0.29
14266,-0.0088,0.0068,0.9893,0.010,-0.035,-0.032,998.77,26.93,-1.05
14276,-0.0054,0.0083,0.9893,-0.021,-0.005,-0.002,998.64,26.93,0.05
14286,-0.0093,0.0083,0.9883,0.040,-0.035,0.059,998.71,26.93,-0.54
14296,-0.0049,0.0093,0.9902,-0.051,0.026,0.059,998.76,26.93,-0.97
14306,-0.0059,0.0098,0.9883,-0.051,-0.066,0.029,998.77,26.92,-1.05
14316,-0.0078,0.0078,0.9932,0.010,-0.005,0.029,998.68,26.93,-0.29
14326,-0.0039,0.0088,0.9912,-0.021,-0.035,0.029,998.72,26.93,-0.63
14336,-0.0073,0.0093,0.9897,-0.051,-0.005,0.029,998.77,26.93,-1.05
14347,-0.0049,0.0098,0.9922,0.010,-0.005,0.059,998.72,26.93,-0.63
14358,-0.0063,0.0083,0.9922,0.010,-0.096,0.029,998.76,26.92,-0.97
14366,-0.0059,0.0083,0.9907,0.010,-0.005,-0.032,998.73,26.93,-0.71
14376,-0.0034,0.0093,0.9912,-0.051,-0.005,-0.032,998.67,26.93,-0.21
14386,-0.0088,0.0093,0.9927,0.040,0.056,0.029,998.77,26.93,-1.05
14396,-0.0054,0.0073,0.9907,-0.021,0.026,-0.032,998.72,26.93,-0.63
14406,-0.0054,0.0073,0.9902,0.010,-0.035,-0.002,998.73,26.93,-0.71
14416,-0.0078,0.0049,0.9873,-0.021,-0.096,0.029,998.61,26.93,0.30
14426,-0.0039,0.0083,0.9902,-0.051,-0.005,-0.032,998.70,26.93,-0.46
14436,-0.0088,0.0078,0.9902,-0.051,-0.035,0.059,998.65,26.93,-0.04
14446,-0.0059,0.0073,0.9912,-0.051,-0.005,-0.032,998.74,26.93,-0.80
14456,-0.0063,0.0083,0.9917,-0.021,-0.005,0.090,998.69,26.93,-0.38
14466,-0.0073,0.0083,0.9917,-0.021,-0.005,0.029,998.71,26.93,-0.54
14476,-0.0059,0.0078,0.9932,-0.021,-0.035,0.029,998.76,26.93,-0.97
14486,-0.0088,0.0083,0.9907,-0.082,-0.066,-0.063,998.77,26.93,-1.05
14496,-0.0049,0.0093,0.9902,0.010,-0.035,-0.032,998.65,26.93,-0.04
14506,-0.0063,0.0083,0.9922,0.010,-0.005,0.029,998.68,26.94,-0.29
14516,-0.0068,0.0078,0.9912,0.040,-0.005,-0.032,998.76,26.93,-0.97
14526,-0.0054,0.0103,0.9941,0.010,-0.035,-0.002,998.67,26.93,-0.21
14536,-0.0098,0.0059,0.9946,0.040,0.026,-0.063,998.66,26.93,-0.12
14546,-0.0063,0.0088,0.9932,-0.021,-0.035,-0.063,998.80,26.93,-1.31
14556,-0.0078,0.0073,0.9937,-0.021,-0.035,-0.002,998.73,26.93,-0.71
14566,-0.0063,0.0088,0.9917,0.010,-0.005,-0.032,998.70,26.93,-0.46
14576,-0.0049,0.0093,0.9902,0.010,0.026,-0.032,998.74,26.93,-0.80
14586,-0.0073,0.0078,0.9907,0.010,0.056,-0.032,998.72,26.93,-0.63
14596,-0.0054,0.0093,0.9922,-0.021,0.026,-0.002,998.65,26.93,-0.04
14606,-0.0103,0.0083,0.9912,-0.021,-0.005,-0.032,998.71,26.93,-0.54
14616,-0.0088,0.0073,0.9922,-0.021,-0.035,-0.032,998.80,26.93,-1.31
14626,-0.0054,0.0098,0.9941,0.010,0.026,-0.002,998.76,26.93,-0.97
14636,-0.0093,0.0088,0.9927,-0.021,-0.035,-0.063,998.73,26.93,-0.71
14646,-0.0073,0.0098,0.9912,0.010,-0.035,-0.032,998.78,26.93,-1.14
14656,-0.0068,0.0083,0.9912,0.040,-0.005,-0.002,998.67,26.93,-0.21
14666,-0.0059,0.0093,0.9922,0.010,0.026,0.090,998.71,26.93,-0.54
14676,-0.0059,0.0098,0.9937,0.010,-0.066,0.059,998.67,26.93,-0.21
14686,-0.0078,0.0078,0.9907,-0.021,-0.005,0.059,998.72,26.93,-0.63
14696,-0.0044,0.0103,0.9917,-0.021,-0.066,0.029,998.64,26.93,0.05
14706,-0.0078,0.0068,0.9932,-0.021,-0.096,-0.002,998.69,26.93,-0.38
14716,-0.0078,0.0093,0.9937,0.010,-0.005,-0.093,998.71,26.94,-0.54
14726,-0.0063,0.0098,0.9932,0.040,0.026,-0.063,998.66,26.93,-0.12
14736,-0.0083,0.0078,0.9922,-0.021,-0.005,-0.032,998.72,26.93,-0.63
14746,-0.0039,0.0088,0.9907,0.010,0.056,-0.032,998.68,26.93,-0.29
14756,-0.0083,0.0078,0.9946,-0.021,0.056,0.059,998.71,26.93,-0.54
14766,-0.0068,0.0078,0.9941,-0.021,0.087,-0.002,998.70,26.94,-0.46
14776,-0.0054,0.0083,0.9927,0.010,-0.005,0.059,998.66,26.93,-0.12
14786,-0.0068,0.0073,0.9917,0.010,-0.066,0.029,998.72,26.93,-0.63
14796,-0.0049,0.0078,0.9927,-0.021,0.026,-0.002,998.69,26.93,-0.38
14806,-0.0078,0.0088,0.9932,0.010,0.026,0.059,998.71,26.93,-0.54
14816,-0.0039,0.0073,0.9917,0.010,-0.035,-0.032,998.77,26.93,-1.05
14826,-0.0059,0.0088,0.9902,0.010,-0.005,-0.032,998.81,26.94,-1.39
14836,-0.0073,0.0103,0.9893,0.010,-0.005,-0.063,998.74,26.93,-0.80
14846,-0.0034,0.0093,0.9912,-0.051,-0.035,-0.032,998.78,26.93,-1.14
14856,-0.0078,0.0083,0.9927,-0.051,-0.035,-0.002,998.64,26.93,0.05
14866,-0.0039,0.0098,0.9932,-0.021,-0.005,0.059,998.76,26.94,-0.97
14876,-0.0073,0.0093,0.9917,0.010,0.026,-0.032,998.72,26.93,-0.63
14886,-0.0078,0.0068,0.9922,0.010,-0.035,-0.002,998.66,26.93,-0.12
14896,-0.0078,0.0073,0.9917,-0.021,0.026,-0.032,998.67,26.93,-0.21
14906,-0.0098,0.0073,0.9937,-0.051,-0.066,-0.032,998.66,26.93,-0.12
14916,-0.0073,0.0073,0.9927,-0.021,-0.035,-0.002,998.69,26.94,-0.38
14926,-0.0078,0.0098,0.9897,-0.021,0.026,-0.002,998.75,26.93,-0.88
14936,-0.0063,0.0063,0.9897,-0.051,0.026,-0.032,998.75,26.94,-0.88
14946,-0.0049,0.0088,0.9917,-0.051,0.026,0.059,998.74,26.94,-0.80
14956,-0.0078,0.0083,0.9922,-0.021,0.056,-0.002,998.69,26.94,-0.38
14966,-0.0054,0.0088,0.9888,0.010,-0.005,-0.063,998.67,26.93,-0.21
14976,-0.0088,0.0088,0.9907,0.040,-0.005,-0.032,998.73,26.94,-0.71
14986,-0.0073,0.0063,0.9888,-0.021,-0.005,0.029,998.79,26.94,-1.22
14996,-0.0063,0.0078,0.9917,0.010,-0.035,-0.032,998.71,26.94,-0.54
15006,-0.0078,0.0068,0.9893,-0.082,0.056,-0.002,998.69,26.94,-0.38
15016,-0.0068,0.0103,0.9897,-0.021,-0.005,-0.002,998.69,26.94,-0.38
15026,-0.0073,0.0078,0.9888,-0.021,-0.066,0.029,998.71,26.94,-0.54
15036,-0.0068,0.0068,0.9912,-0.082,0.056,0.029,998.73,26.94,-0.71
15046,-0.0054,0.0073,0.9941,-0.021,0.026,-0.032,998.70,26.94,-0.46
15056,-0.0083,0.0073,0.9932,-0.021,-0.005,0.029,998.77,26.94,-1.05
15066,-0.0039,0.0088,0.9932,0.010,0.087,0.029,998.65,26.93,-0.04
15076,-0.0073,0.0098,0.9927,-0.021,-0.005,-0.002,998.74,26.94,-0.80
15086,-0.0059,0.0103,0.9922,0.010,-0.005,-0.032,998.67,26.94,-0.21
15096,-0.0063,0.0088,0.9922,0.040,0.056,-0.002,998.66,26.93,-0.12
15106,-0.0098,0.0098,0.9917,0.040,0.026,-0.002,998.74,26.94,-0.80
15116,-0.0049,0.0093,0.9917,0.010,0.026,0.029,998.71,26.94,-0.54
15126,-0.0083,0.0083,0.9927,0.010,0.056,0.029,998.70,26.94,-0.46
15136,-0.0063,0.0088,0.9907,-0.021,-0.035,0.029,998.74,26.94,-0.80
15146,-0.0054,0.0083,0.9922,-0.021,-0.005,-0.063,998.68,26.93,-0.29
15156,-0.0073,0.0073,0.9897,0.010,0.026,0.059,998.74,26.94,-0.80
15166,-0.0054,0.0098,0.9897,0.040,-0.005,0.029,998.67,26.94,-0.21
15176,-0.0078,0.0083,0.9902,0.010,0.026,0.029,998.72,26.94,-0.63
15186,-0.0044,0.0088,0.9902,-0.051,0.026,-0.032,998.75,26.94,-0.88
15196,-0.0059,0.0098,0.9902,-0.051,0.026,-0.032,998.72,26.94,-0.63
15206,-0.0093,0.0078,0.9888,-0.082,-0.005,-0.002,998.66,26.94,-0.12
15216,-0.0029,0.0112,0.9922,-0.051,-0.005,-0.032,998.76,26.94,-0.97
15226,-0.0068,0.0088,0.9927,0.010,0.026,-0.002,998.70,26.94,-0.46
15236,-0.0049,0.0093,0.9951,-0.021,-0.035,-0.032,998.76,26.94,-0.97
15246,-0.0054,0.0098,0.9927,-0.021,-0.096,0.029,998.70,26.94,-0.46
15256,-0.0073,0.0098,0.9937,0.010,-0.035,-0.032,998.72,26.94,-0.63
15266,-0.0044,0.0088,0.9912,-0.021,-0.005,-0.032,998.72,26.94,-0.63
15276,-0.0073,0.0073,0.9902,-0.051,-0.096,-0.002,998.70,26.94,-0.46
15286,-0.0039,0.0093,0.9893,0.040,-0.035,0.029,998.67,26.94,-0.21
15296,-0.0054,0.0063,0.9912,0.010,0.056,0.029,998.69,26.94,-0.38
15306,-0.0063,0.0068,0.9937,0.010,0.087,-0.002,998.71,26.94,-0.54
15316,-0.0034,0.0083,0.9932,0.040,-0.035,0.029,998.71,26.94,-0.54
15326,-0.0073,0.0063,0.9917,0.010,-0.066,-0.002,998.68,26.94,-0.29
15336,-0.0039,0.0083,0.9907,0.040,-0.035,-0.002,998.70,26.94,-0.46
15347,-0.0073,0.0068,0.9917,-0.021,0.026,-0.002,998.76,26.94,-0.97
15357,-0.0049,0.0093,0.9946,-0.021,-0.035,0.029,998.70,26.94,-0.46
15366,-0.0044,0.0088,0.9927,-0.021,0.026,-0.002,998.72,26.94,-0.63
15376,-0.0093,0.0068,0.9907,0.010,0.026,-0.032,998.70,26.94,-0.46
15386,-0.0054,0.0103,0.9902,-0.051,0.026,-0.002,998.75,26.94,-0.88
15396,-0.0078,0.0098,0.9907,-0.021,0.087,-0.002,998.76,26.94,-0.97
15406,-0.0073,0.0088,0.9932,-0.021,0.056,-0.002,998.75,26.94,-0.88
15416,-0.0063,0.0088,0.9907,-0.021,-0.005,-0.002,998.67,26.94,-0.21
15426,-0.0083,0.0107,0.9932,-0.051,-0.005,0.029,998.75,26.94,-0.88
15436,-0.0063,0.0098,0.9922,0.010,-0.005,0.029,998.75,26.94,-0.88
15446,-0.0083,0.0059,0.9932,-0.021,-0.005,0.029,998.75,26.94,-0.88
15456,-0.0068,0.0098,0.9917,-0.021,-0.035,-0.002,998.73,26.94,-0.71
15466,-0.0054,0.0098,0.9922,-0.021,0.026,-0.002,998.71,26.94,-0.54
15476,-0.0073,0.0088,0.9902,0.010,-0.005,-0.032,998.67,26.94,-0.21
15486,-0.0049,0.0088,0.9912,0.071,0.026,-0.093,998.71,26.94,-0.54
15496,-0.0093,0.0078,0.9912,-0.021,-0.035,-0.032,998.76,26.94,-0.97
15506,-0.0063,0.0088,0.9917,0.040,-0.035,0.029,998.75,26.94,-0.88
15516,-0.0039,0.0078,0.9907,-0.021,-0.005,0.059,998.68,26.94,-0.29
15526,-0.0078,0.0063,0.9932,0.010,0.026,-0.032,998.75,26.94,-0.88
15536,-0.0039,0.0078,0.9912,0.010,-0.035,-0.002,998.70,26.94,-0.46
15546,-0.0068,0.0073,0.9912,0.040,-0.005,0.029,998.68,26.94,-0.29
15556,-0.0044,0.0083,0.9946,0.010,0.026,-0.002,998.77,26.94,-1.05
15566,-0.0078,0.0093,0.9932,-0.021,0.026,-0.002,998.79,26.95,-1.22
15576,-0.0073,0.0054,0.9917,-0.021,0.026,0.029,998.69,26.94,-0.38
15586,-0.0044,0.0078,0.9937,0.010,0.026,-0.032,998.71,26.94,-0.54
15596,-0.0059,0.0073,0.9907,0.010,0.056,-0.002,998.76,26.94,-0.97
15606,-0.0049,0.0088,0.9941,0.010,0.026,0.029,998.68,26.94,-0.29
15616,-0.0054,0.0093,0.9917,0.010,-0.005,-0.002,998.75,26.95,-0.88
15626,-0.0068,0.0088,0.9878,0.010,-0.035,-0.002,998.73,26.94,-0.71
15636,-0.0049,0.0103,0.9912,0.040,0.026,-0.063,998.68,26.94,-0.29
15646,-0.0088,0.0088,0.9912,-0.021,0.026,0.029,998.72,26.94,-0.63
15656,-0.0063,0.0098,0.9907,-0.021,-0.035,-0.002,998.66,26.94,-0.12
15666,-0.0068,0.0098,0.9907,0.010,-0.005,0.029,998.65,26.94,-0.04
15676,-0.0073,0.0083,0.9922,0.010,-0.005,-0.002,998.68,26.94,-0.29
15686,-0.0049,0.0093,0.9927,0.040,-0.005,-0.032,998.71,26.94,-0.54
15696,-0.0088,0.0063,0.9902,0.040,0.056,-0.063,998.70,26.94,-0.46
15706,-0.0039,0.0073,0.9907,0.010,-0.005,-0.002,998.75,26.94,-0.88
15716,-0.0063,0.0068,0.9922,-0.021,0.117,-0.032,998.70,26.94,-0.46
15726,-0.0073,0.0068,0.9946,0.010,0.026,-0.063,998.67,26.94,-0.21
15736,-0.0049,0.0093,0.9927,0.010,0.026,-0.093,998.69,26.94,-0.38
15746,-0.0083,0.0093,0.9917,-0.021,0.026,-0.032,998.67,26.94,-0.21
15756,-0.0034,0.0107,0.9932,0.010,-0.005,-0.002,998.72,26.95,-0.63
15766,-0.0059,0.0088,0.9902,0.010,-0.005,-0.032,998.72,26.94,-0.63
15776,-0.0068,0.0093,0.9893,0.010,-0.066,-0.093,998.73,26.94,-0.71
15786,-0.0063,0.0083,0.9902,-0.051,-0.066,-0.063,998.74,26.94,-0.80
15796,-0.0088,0.0078,0.9897,-0.051,-0.005,0.029,998.71,26.94,-0.54
15806,-0.0039,0.0093,0.9897,-0.021,-0.005,-0.032,998.68,26.94,-0.29
15816,-0.0068,0.0078,0.9907,0.010,0.026,-0.002,998.73,26.95,-0.71
15826,-0.0063,0.0073,0.9941,-0.021,0.026,-0.032,998.75,26.94,-0.88
15836,-0.0063,0.0098,0.9912,0.040,-0.035,0.029,998.76,26.94,-0.97
15846,-0.0098,0.0078,0.9927,0.071,-0.035,-0.002,998.75,26.95,-0.88
15856,-0.0054,0.0073,0.9932,-0.021,-0.035,-0.032,998.71,26.94,-0.54
15866,-0.0078,0.0088,0.9917,-0.051,0.026,-0.032,998.78,26.94,-1.14
15876,-0.0063,0.0103,0.9927,-0.051,0.026,0.059,998.81,26.94,-1.39
15886,-0.0059,0.0107,0.9907,0.040,-0.005,0.029,998.73,26.94,-0.71
15896,-0.0078,0.0083,0.9907,-0.021,-0.005,-0.032,998.72,26.95,-0.63
15906,-0.0059,0.0093,0.9937,0.010,-0.005,-0.063,998.69,26.95,-0.38
15916,-0.0088,0.0078,0.9883,-0.021,-0.005,0.029,998.69,26.95,-0.38
15926,-0.0063,0.0083,0.9883,-0.021,-0.035,-0.002,998.76,26.94,-0.97
15936,-0.0068,0.0083,0.9927,0.010,-0.005,-0.002,998.65,26.95,-0.04
15946,-0.0078,0.0093,0.9902,-0.021,-0.035,-0.032,998.70,26.94,-0.46
15956,-0.0044,0.0088,0.9868,0.040,0.056,0.029,998.67,26.95,-0.21
15966,-0.0078,0.0078,0.9922,-0.021,-0.035,-0.002,998.68,26.95,-0.29
15976,-0.0063,0.0073,0.9897,0.010,-0.005,-0.002,998.70,26.94,-0.46
15986,-0.0059,0.0088,0.9888,0.010,-0.005,-0.032,998.78,26.95,-1.14
15996,-0.0073,0.0073,0.9937,-0.021,-0.005,0.029,998.74,26.95,-0.80
16006,-0.0039,0.0083,0.9927,0.010,0.026,0.059,998.74,26.94,-0.80
16016,-0.0083,0.0078,0.9907,-0.051,-0.066,-0.063,998.66,26.94,-0.12
16026,-0.0054,0.0088,0.9922,0.010,-0.005,-0.002,998.66,26.95,-0.12
16036,-0.0054,0.0073,0.9922,0.010,-0.005,-0.002,998.73,26.95,-0.71
16046,-0.0054,0.0068,0.9902,-0.021,0.026,0.029,998.73,26.95,-0.71
16056,-0.0015,0.0093,0.9902,-0.051,-0.005,-0.002,998.72,26.95,-0.63
16066,-0.0078,0.0068,0.9897,0.010,-0.005,0.090,998.73,26.94,-0.71
16076,-0.0039,0.0083,0.9897,0.010,-0.005,0.029,998.68,26.94,-0.29
16086,-0.0049,0.0078,0.9897,0.010,-0.005,-0.032,998.71,26.95,-0.54
16096,-0.0063,0.0088,0.9907,-0.021,-0.035,0.029,998.76,26.95,-0.97
16106,-0.0054,0.0112,0.9922,-0.051,0.026,-0.002,998.71,26.95,-0.54
16116,-0.0103,0.0103,0.9937,0.040,0.056,-0.002,998.77,26.95,-1.05
16126,-0.0044,0.0088,0.9951,0.010,0.087,0.029,998.73,26.95,-0.71
16136,-0.0068,0.0083,0.9917,-0.021,0.026,-0.032,998.76,26.95,-0.97
16146,-0.0083,0.0078,0.9907,-0.021,0.056,-0.002,998.71,26.95,-0.54
16156,-0.0068,0.0068,0.9932,-0.021,-0.005,-0.002,998.67,26.95,-0.21
16166,-0.0093,0.0078,0.9941,0.010,-0.005,0.059,998.71,26.95,-0.54
16176,-0.0049,0.0078,0.9907,-0.051,-0.005,0.029,998.71,26.95,-0.54
16186,-0.0059,0.0083,0.9922,0.040,-0.005,-0.032,998.66,26.95,-0.12
16196,-0.0063,0.0073,0.9932,0.010,0.056,-0.063,998.75,26.95,-0.88
16206,-0.0054,0.0093,0.9888,0.040,-0.035,-0.002,998.67,26.94,-0.21
16216,-0.0088,0.0078,0.9897,0.040,-0.035,-0.032,998.73,26.95,-0.71
16226,-0.0049,0.0068,0.9927,-0.021,-0.035,-0.002,998.65,26.95,-0.04
16236,-0.0073,0.0063,0.9922,0.040,-0.035,-0.032,998.70,26.95,-0.46
16246,-0.0063,0.0078,0.9922,0.010,-0.005,-0.032,998.81,26.95,-1.39
16256,-0.0049,0.0078,0.9902,-0.051,-0.005,0.059,998.70,26.95,-0.46
16266,-0.0083,0.0073,0.9912,-0.021,-0.035,-0.032,998.77,26.95,-1.05
16276,-0.0020,0.0093,0.9883,-0.021,0.056,0.029,998.69,26.95,-0.38
16286,-0.0068,0.0078,0.9907,-0.021,0.026,-0.002,998.72,26.95,-0.63
16296,-0.0054,0.0073,0.9922,-0.021,0.056,-0.032,998.63,26.95,0.13
16306,-0.0049,0.0083,0.9897,0.040,-0.005,-0.032,998.79,26.95,-1.22
16316,-0.0093,0.0068,0.9902,0.010,-0.005,-0.002,998.67,26.95,-0.21
16326,-0.0063,0.0093,0.9917,0.010,-0.035,0.059,998.75,26.95,-0.88
16336,-0.0083,0.0093,0.9897,-0.051,-0.096,-0.032,998.66,26.95,-0.12
16347,-0.0049,0.0073,0.9927,-0.021,-0.005,-0.063,998.72,26.95,-0.63
16357,-0.0073,0.0073,0.9917,-0.021,-0.005,-0.032,998.71,26.95,-0.54
16366,-0.0088,0.0078,0.9912,-0.021,-0.005,-0.002,998.73,26.95,-0.71
16376,-0.0049,0.0068,0.9902,-0.021,0.026,-0.032,998.69,26.95,-0.38
16386,-0.0073,0.0093,0.9902,-0.021,-0.005,-0.002,998.74,26.95,-0.80
16396,-0.0044,0.0083,0.9932,-0.021,-0.005,-0.032,998.66,26.95,-0.12
16406,-0.0063,0.0078,0.9907,0.010,-0.035,-0.002,998.66,26.95,-0.12
16416,-0.0083,0.0093,0.9907,0.040,-0.005,-0.002,998.75,26.95,-0.88
16426,-0.0054,0.0093,0.9917,0.010,-0.005,0.029,998.75,26.95,-0.88
16436,-0.0098,0.0063,0.9917,0.010,-0.005,0.059,998.71,26.95,-0.54
16446,-0.0059,0.0093,0.9907,-0.021,-0.005,0.029,998.71,26.95,-0.54
16456,-0.0063,0.0093,0.9912,0.010,0.026,-0.002,998.72,26.95,-0.63
16466,-0.0068,0.0059,0.9927,-0.021,0.026,0.029,998.77,26.95,-1.05
16476,-0.0049,0.0098,0.9907,-0.021,-0.005,-0.032,998.64,26.95,0.05
16486,-0.0093,0.0093,0.9907,-0.021,-0.005,-0.063,998.66,26.95,-0.12
16496,-0.0068,0.0098,0.9893,-0.021,-0.005,-0.032,998.66,26.95,-0.12
16506,-0.0068,0.0093,0.9902,-0.021,-0.005,-0.002,998.64,26.95,0.05
16516,-0.0088,0.0098,0.9912,0.010,0.026,-0.032,998.71,26.95,-0.54
16526,-0.0059,0.0088,0.9907,0.040,0.056,-0.032,998.69,26.95,-0.38
16536,-0.0088,0.0068,0.9912,0.010,0.026,0.029,998.66,26.95,-0.12
16546,-0.0054,0.0098,0.9937,-0.021,-0.005,-0.002,998.68,26.95,-0.29
16556,-0.0068,0.0068,0.9937,0.010,-0.005,-0.002,998.74,26.95,-0.80
16566,-0.0063,0.0073,0.9897,0.040,-0.005,-0.002,998.76,26.95,-0.97
16576,-0.0054,0.0093,0.9912,0.040,0.056,0.029,998.71,26.95,-0.54
16586,-0.0078,0.0068,0.9927,0.040,-0.005,0.029,998.71,26.95,-0.54
16596,-0.0054,0.0107,0.9902,0.010,0.056,0.029,998.69,26.95,-0.38
16606,-0.0068,0.0107,0.9902,0.010,0.056,0.059,998.66,26.95,-0.12
16616,-0.0059,0.0078,0.9883,-0.051,0.056,-0.002,998.76,26.95,-0.97
16626,-0.0068,0.0059,0.9883,-0.021,0.056,-0.063,998.72,26.95,-0.63
16636,-0.0093,0.0063,0.9927,0.010,-0.035,-0.063,998.74,26.95,-0.80
16646,-0.0044,0.0083,0.9922,0.010,-0.005,-0.002,998.69,26.95,-0.38
16656,-0.0063,0.0068,0.9946,0.040,-0.066,-0.002,998.67,26.95,-0.21
16666,-0.0049,0.0088,0.9932,-0.021,-0.005,-0.002,998.76,26.95,-0.97
16676,-0.0049,0.0088,0.9917,0.040,0.026,0.029,998.64,26.95,0.05
16686,-0.0078,0.0078,0.9927,0.010,-0.005,-0.032,998.69,26.95,-0.38
16696,-0.0044,0.0098,0.9922,0.010,-0.035,-0.032,998.75,26.95,-0.88
16706,-0.0083,0.0078,0.9912,0.040,-0.005,-0.032,998.69,26.95,-0.38
16716,-0.0059,0.0083,0.9937,0.010,-0.005,-0.032,998.74,26.95,-0.80
16726,-0.0059,0.0078,0.9897,0.040,-0.066,-0.002,998.63,26.95,0.13
16736,-0.0083,0.0078,0.9917,0.040,-0.005,0.029,998.70,26.95,-0.46
16746,-0.0049,0.0088,0.9922,-0.021,-0.035,0.029,998.74,26.95,-0.80
16756,-0.0068,0.0098,0.9907,0.040,-0.066,0.029,998.74,26.95,-0.80
16766,-0.0039,0.0083,0.9927,-0.051,-0.005,0.059,998.64,26.95,0.05
16776,-0.0049,0.0073,0.9927,-0.021,-0.005,0.029,998.61,26.95,0.30
16786,-0.0068,0.0088,0.9917,0.010,0.056,-0.093,998.66,26.95,-0.12
16796,-0.0049,0.0098,0.9912,0.040,0.026,-0.002,998.70,26.95,-0.46
16806,-0.0088,0.0078,0.9927,0.010,0.056,-0.002,998.83,26.96,-1.56
16816,-0.0049,0.0098,0.9893,0.010,-0.066,0.029,998.77,26.95,-1.05
16826,-0.0073,0.0093,0.9927,0.040,-0.035,0.029,998.70,26.95,-0.46
16836,-0.0063,0.0078,0.9912,0.010,0.056,0.029,998.78,26.95,-1.14
16846,-0.0024,0.0107,0.9902,-0.051,0.026,-0.032,998.70,26.95,-0.46
16856,-0.0059,0.0078,0.9912,-0.021,-0.005,-0.063,998.73,26.95,-0.71
16866,-0.0039,0.0088,0.9907,0.010,-0.005,-0.002,998.66,26.95,-0.12
16876,-0.0073,0.0073,0.9893,0.010,-0.005,-0.002,998.74,26.95,-0.80
16886,-0.0078,0.0078,0.9902,0.010,-0.005,-0.002,998.70,26.96,-0.46
16896,-0.0044,0.0073,0.9922,0.040,0.026,-0.002,998.74,26.95,-0.80
16906,-0.0088,0.0083,0.9932,-0.021,0.056,-0.032,998.71,26.96,-0.54
16916,-0.0063,0.0112,0.9922,0.010,-0.005,0.029,998.75,26.96,-0.88
16926,-0.0063,0.0103,0.9922,-0.021,0.026,-0.002,998.69,26.95,-0.38
16936,-0.0063,0.0078,0.9917,0.010,0.026,-0.002,998.74,26.95,-0.80
16946,-0.0049,0.0083,0.9937,0.040,-0.005,-0.032,998.73,26.96,-0.71
16956,-0.0088,0.0083,0.9922,0.040,0.026,0.029,998.80,26.96,-1.31
16966,-0.0049,0.0068,0.9932,0.010,-0.066,-0.032,998.73,26.96,-0.71
16976,-0.0078,0.0093,0.9946,0.010,0.148,-0.002,998.68,26.96,-0.29
16986,-0.0083,0.0098,0.9937,0.040,-0.188,-0.002,998.68,26.95,-0.29
16996,-0.0039,0.0112,0.9888,-0.082,0.117,-0.032,998.71,26.96,-0.54
17006,-0.0063,0.0093,0.9917,0.040,-0.005,-0.002,998.64,26.95,0.05
17016,-0.0039,0.0088,0.9897,0.010,0.026,-0.063,998.73,26.96,-0.71
17026,-0.0088,0.0083,0.9927,-0.021,0.117,-0.002,998.74,26.96,-0.80
17036,-0.0059,0.0073,0.9902,0.040,-0.005,-0.063,998.68,26.95,-0.29
17046,-0.0039,0.0098,0.9932,-0.051,0.087,-0.063,998.69,26.96,-0.38
17056,-0.0073,0.0088,0.9937,0.071,-0.066,0.029,998.67,26.96,-0.21
17066,-0.0073,0.0093,0.9922,-0.021,0.026,0.059,998.74,26.96,-0.80
17076,-0.0073,0.0088,0.9917,-0.051,0.026,0.059,998.67,26.95,-0.21
17086,-0.0054,0.0063,0.9912,0.040,-0.096,-0.032,998.70,26.96,-0.46
17096,-0.0068,0.0083,0.9907,-0.051,0.026,-0.032,998.73,26.96,-0.71
17106,-0.0093,0.0078,0.9922,-0.021,-0.005,0.029,998.70,26.96,-0.46
17116,-0.0039,0.0088,0.9917,-0.082,-0.005,-0.063,998.65,26.96,-0.04
17126,-0.0063,0.0088,0.9927,-0.021,0.056,-0.032,998.71,26.96,-0.54
17136,-0.0034,0.0088,0.9902,0.010,-0.005,-0.063,998.71,26.96,-0.54
17146,-0.0073,0.0093,0.9932,-0.021,0.056,-0.002,998.68,26.96,-0.29
17156,-0.0073,0.0093,0.9937,0.040,0.056,0.029,998.72,26.96,-0.63
17166,-0.0049,0.0073,0.9907,-0.051,-0.035,-0.002,998.73,26.96,-0.71
17176,-0.0098,0.0073,0.9927,0.071,0.026,-0.002,998.75,26.96,-0.88
17186,-0.0073,0.0083,0.9907,-0.051,-0.035,-0.032,998.73,26.96,-0.71
17196,-0.0073,0.0073,0.9897,-0.021,-0.066,-0.002,998.73,26.96,-0.71
17206,-0.0073,0.0068,0.9897,0.040,-0.035,-0.032,998.65,26.95,-0.04
17216,-0.0034,0.0103,0.9888,0.010,-0.096,-0.002,998.71,26.96,-0.54
17226,-0.0054,0.0088,0.9902,0.010,-0.035,0.059,998.65,26.96,-0.04
17236,-0.0039,0.0103,0.9897,-0.051,-0.035,-0.032,998.78,26.96,-1.14
17246,-0.0073,0.0093,0.9902,0.010,0.026,0.029,998.75,26.96,-0.88
17256,-0.0063,0.0078,0.9897,0.040,0.026,0.029,998.70,26.96,-0.46
17266,-0.0034,0.0093,0.9902,-0.021,0.026,0.029,998.67,26.95,-0.21
17276,-0.0073,0.0093,0.9902,0.040,-0.035,-0.032,998.66,26.96,-0.12
17286,-0.0039,0.0073,0.9907,0.010,-0.005,0.029,998.79,26.96,-1.22
17296,-0.0054,0.0063,0.9917,-0.021,-0.066,0.029,998.63,26.96,0.13
17306,-0.0044,0.0073,0.9902,0.010,-0.035,0.029,998.71,26.96,-0.54
17316,-0.0029,0.0088,0.9912,-0.021,-0.005,0.029,998.79,26.96,-1.22
17326,-0.0059,0.0083,0.9927,0.010,-0.005,-0.002,998.75,26.96,-0.88
17336,-0.0034,0.0098,0.9897,-0.021,0.026,-0.032,998.73,26.96,-0.71
17347,-0.0073,0.0088,0.9893,0.040,-0.005,0.059,998.70,26.96,-0.46
17357,-0.0059,0.0088,0.9946,0.071,0.026,-0.002,998.69,26.95,-0.38
17366,-0.0049,0.0107,0.9922,-0.021,-0.127,-0.063,998.69,26.96,-0.38
17376,-0.0068,0.0083,0.9917,0.040,0.117,0.029,998.73,26.96,-0.71
17386,-0.0024,0.0088,0.9927,-0.082,-0.157,0.059,998.77,26.96,-1.05
17396,-0.0044,0.0078,0.9917,0.040,0.056,-0.002,998.71,26.96,-0.54
17406,-0.0059,0.0073,0.9922,-0.021,-0.035,-0.032,998.74,26.96,-0.80
17416,-0.0049,0.0112,0.9932,0.010,-0.005,0.029,998.75,26.96,-0.88
17426,-0.0078,0.0083,0.9937,-0.051,-0.005,-0.002,998.75,26.96,-0.88
17436,-0.0034,0.0098,0.9907,-0.021,-0.066,-0.002,998.77,26.96,-1.05
17446,-0.0083,0.0083,0.9922,0.040,0.117,-0.002,998.71,26.96,-0.54
17456,-0.0073,0.0098,0.9932,0.010,0.026,-0.093,998.71,26.96,-0.54
17466,-0.0078,0.0093,0.9941,0.071,0.026,-0.032,998.69,26.96,-0.38
17476,-0.0088,0.0083,0.9927,-0.051,-0.005,-0.032,998.69,26.96,-0.38
17486,-0.0054,0.0103,0.9907,0.010,-0.035,0.059,998.69,26.96,-0.38
17496,-0.0073,0.0073,0.9907,-0.021,-0.035,-0.002,998.69,26.96,-0.38
17506,-0.0044,0.0083,0.9893,-0.021,-0.035,-0.002,998.69,26.96,-0.38
17516,-0.0044,0.0078,0.9932,-0.021,0.026,0.059,998.68,26.96,-0.29
17526,-0.0073,0.0068,0.9941,-0.021,0.026,0.029,998.70,26.96,-0.46
17536,-0.0068,0.0078,0.9932,0.010,0.026,-0.032,998.69,26.96,-0.38
17546,-0.0093,0.0078,0.9937,-0.021,-0.005,0.029,998.75,26.96,-0.88
17556,-0.0063,0.0093,0.9941,-0.021,-0.005,0.029,998.72,26.96,-0.63
17566,-0.0078,0.0083,0.9917,-0.021,0.026,-0.032,998.71,26.96,-0.54
17576,-0.0093,0.0063,0.9917,-0.021,-0.035,-0.032,998.75,26.96,-0.88
17586,-0.0039,0.0088,0.9902,0.010,-0.005,-0.002,998.74,26.96,-0.80
17596,-0.0073,0.0078,0.9922,-0.021,0.026,0.059,998.74,26.97,-0.80
17606,-0.0034,0.0073,0.9902,0.010,0.026,0.059,998.72,26.96,-0.63
17616,-0.0054,0.0103,0.9927,0.010,0.056,0.029,998.68,26.97,-0.29
17626,-0.0073,0.0088,0.9902,0.010,0.026,-0.002,998.69,26.96,-0.38
17636,-0.0049,0.0103,0.9932,0.010,0.056,0.059,998.79,26.96,-1.22
17646,-0.0107,0.0083,0.9912,-0.051,-0.035,0.029,998.75,26.96,-0.88
17656,-0.0059,0.0083,0.9868,0.010,-0.035,0.059,998.77,26.96,-1.05
17666,-0.0049,0.0073,0.9917,0.010,-0.005,0.029,998.69,26.96,-0.38
17676,-0.0054,0.0088,0.9912,-0.021,-0.035,0.029,998.64,26.96,0.05
17686,-0.0034,0.0093,0.9907,0.010,-0.066,-0.002,998.60,26.97,0.39
17696,-0.0073,0.0078,0.9917,0.010,0.026,-0.032,998.73,26.97,-0.71
17706,-0.0054,0.0083,0.9946,0.010,0.026,-0.002,998.76,26.97,-0.97
17716,-0.0078,0.0093,0.9946,0.010,-0.005,-0.032,998.71,26.96,-0.54
17726,-0.0078,0.0073,0.9922,0.010,0.026,-0.002,998.74,26.96,-0.80
17736,-0.0059,0.0093,0.9932,0.010,0.026,-0.032,998.74,26.97,-0.80
17746,-0.0088,0.0083,0.9907,0.010,0.026,-0.063,998.75,26.97,-0.88
17756,-0.0044,0.0078,0.9932,0.010,-0.005,-0.063,998.69,26.97,-0.38
17766,-0.0073,0.0098,0.9922,0.010,0.056,-0.032,998.79,26.97,-1.22
17776,-0.0049,0.0088,0.9912,0.010,-0.005,-0.032,998.74,26.96,-0.80
17786,-0.0049,0.0083,0.9902,-0.021,-0.005,-0.032,998.74,26.97,-0.80
17796,-0.0098,0.0068,0.9902,-0.021,0.026,-0.032,998.74,26.97,-0.80
17806,-0.0034,0.0073,0.9927,-0.021,-0.035,-0.093,998.63,26.97,0.13
17816,-0.0083,0.0083,0.9907,0.010,-0.005,-0.063,998.66,26.97,-0.12
17826,-0.0078,0.0088,0.9907,-0.051,-0.035,-0.032,998.64,26.97,0.05
17836,-0.0044,0.0083,0.9907,-0.051,-0.005,-0.002,998.67,26.97,-0.21
17846,-0.0068,0.0078,0.9907,0.010,0.056,-0.032,998.68,26.97,-0.29
17856,-0.0034,0.0112,0.9917,-0.021,0.056,-0.063,998.71,26.97,-0.54
17866,-0.0068,0.0083,0.9917,0.040,0.026,0.059,998.68,26.97,-0.29
17876,-0.0054,0.0073,0.9888,0.010,-0.005,0.059,998.72,26.97,-0.63
17886,-0.0063,0.0083,0.9912,0.010,0.056,-0.002,998.68,26.97,-0.29
17896,-0.0068,0.0073,0.9897,0.040,0.026,-0.032,998.66,26.97,-0.12
17906,-0.0049,0.0083,0.9922,-0.021,0.056,-0.032,998.70,26.97,-0.46
17916,-0.0088,0.0088,0.9912,-0.051,-0.035,-0.002,998.72,26.97,-0.63
17926,-0.0063,0.0093,0.9897,-0.082,-0.035,0.029,998.70,26.97,-0.46
17936,-0.0059,0.0059,0.9907,0.010,0.026,-0.063,998.73,26.97,-0.71
17946,-0.0054,0.0059,0.9912,0.010,0.026,-0.063,998.71,26.97,-0.54
17956,-0.0029,0.0103,0.9893,-0.021,-0.005,-0.002,998.78,26.97,-1.14
17966,-0.0063,0.0078,0.9893,-0.021,-0.005,-0.002,998.68,26.97,-0.29
17976,-0.0054,0.0073,0.9907,-0.051,-0.035,0.029,998.74,26.97,-0.80
17986,-0.0063,0.0063,0.9902,0.010,-0.035,-0.002,998.72,26.97,-0.63
17996,-0.0083,0.0073,0.9922,0.010,-0.005,0.059,998.71,26.97,-0.54
18006,-0.0049,0.0073,0.9932,0.010,-0.035,-0.002,998.67,26.97,-0.21
18016,-0.0083,0.0059,0.9927,0.040,0.026,0.029,998.69,26.97,-0.38
18026,-0.0024,0.0078,0.9956,0.010,0.056,0.029,998.70,26.97,-0.46
18036,-0.0049,0.0083,0.9927,-0.021,0.056,-0.002,998.76,26.97,-0.97
18046,-0.0063,0.0078,0.9912,0.010,-0.005,-0.002,998.76,26.97,-0.97
18056,-0.0039,0.0098,0.9912,0.010,-0.035,-0.002,998.72,26.97,-0.63
18066,-0.0073,0.0093,0.9932,-0.051,-0.066,0.029,998.69,26.97,-0.38
18076,-0.0044,0.0107,0.9937,-0.082,-0.005,-0.002,998.74,26.97,-0.80
18086,-0.0088,0.0098,0.9937,-0.021,0.056,-0.032,998.67,26.97,-0.21
18096,-0.0073,0.0073,0.9946,-0.021,0.026,0.029,998.72,26.97,-0.63
18106,-0.0044,0.0068,0.9946,-0.051,-0.005,-0.002,998.61,26.97,0.30
18116,-0.0068,0.0078,0.9946,-0.021,-0.066,-0.032,998.64,26.97,0.05
18126,-0.0039,0.0112,0.9912,-0.021,0.026,-0.002,998.66,26.97,-0.12
18136,-0.0054,0.0098,0.9927,0.010,0.026,-0.032,998.68,26.97,-0.29
18146,-0.0073,0.0059,0.9902,0.010,0.026,-0.032,998.72,26.97,-0.63
18156,-0.0049,0.0073,0.9902,0.010,0.087,-0.032,998.70,26.98,-0.46
18166,-0.0088,0.0073,0.9897,0.010,0.087,0.029,998.65,26.97,-0.04
18176,-0.0044,0.0098,0.9873,-0.051,0.026,0.029,998.66,26.98,-0.12
18186,-0.0068,0.0093,0.9888,0.010,0.056,0.059,998.76,26.97,-0.97
18196,-0.0049,0.0093,0.9893,0.010,0.026,0.059,998.73,26.97,-0.71
18206,-0.0059,0.0098,0.9922,0.040,0.056,0.029,998.67,26.97,-0.21
18216,-0.0068,0.0093,0.9907,0.010,0.026,-0.002,998.76,26.97,-0.97
18226,-0.0039,0.0078,0.9927,-0.021,-0.005,-0.093,998.73,26.97,-0.71
18236,-0.0078,0.0068,0.9912,0.010,0.026,-0.002,998.71,26.97,-0.54
18246,-0.0068,0.0073,0.9941,-0.021,-0.035,-0.002,998.70,26.98,-0.46
18256,-0.0059,0.0083,0.9956,0.010,0.087,-0.032,998.71,26.97,-0.54
18266,-0.0083,0.0063,0.9932,0.010,0.026,-0.032,998.69,26.97,-0.38
18276,-0.0039,0.0098,0.9946,0.010,0.026,0.029,998.72,26.97,-0.63
18286,-0.0073,0.0073,0.9902,0.040,0.056,-0.002,998.69,26.97,-0.38
18296,-0.0068,0.0083,0.9893,0.040,0.087,-0.032,998.75,26.98,-0.88
18306,-0.0068,0.0088,0.9907,0.040,0.026,-0.032,998.78,26.98,-1.14
18316,-0.0107,0.0073,0.9893,0.040,-0.035,-0.032,998.66,26.97,-0.12
18326,-0.0054,0.0078,0.9907,0.010,-0.066,-0.032,998.74,26.98,-0.80
18336,-0.0073,0.0078,0.9932,0.010,-0.005,-0.002,998.67,26.98,-0.21
18348,-0.0039,0.0088,0.9893,-0.051,-0.035,-0.032,998.67,26.97,-0.21
18358,-0.0068,0.0088,0.9922,-0.021,0.056,-0.032,998.69,26.97,-0.38
18367,-0.0059,0.0073,0.9907,0.010,0.026,-0.032,998.64,26.98,0.05
18376,-0.0073,0.0083,0.9897,0.010,0.026,0.029,998.76,26.98,-0.97
18386,-0.0083,0.0078,0.9883,0.010,-0.005,-0.032,998.69,26.98,-0.38
18396,-0.0029,0.0073,0.9888,0.010,-0.066,-0.032,998.72,26.98,-0.63
18406,-0.0044,0.0078,0.9927,0.071,0.056,-0.002,998.70,26.98,-0.46
18416,-0.0068,0.0098,0.9922,0.010,0.026,0.029,998.77,26.98,-1.05
18426,-0.0044,0.0093,0.9902,0.040,0.026,0.029,998.69,26.98,-0.38
18436,-0.0073,0.0083,0.9932,0.071,-0.035,-0.002,998.76,26.98,-0.97
18446,-0.0039,0.0098,0.9927,0.010,0.026,-0.032,998.76,26.98,-0.97
18456,-0.0073,0.0088,0.9941,0.010,-0.005,-0.002,998.70,26.98,-0.46
18466,-0.0078,0.0083,0.9912,-0.082,0.026,0.029,998.70,26.98,-0.46
18476,-0.0054,0.0083,0.9883,-0.021,0.056,0.029,998.74,26.98,-0.80
18486,-0.0073,0.0049,0.9917,0.071,0.056,-0.124,998.77,26.98,-1.05
18496,-0.0039,0.0073,0.9912,0.010,-0.005,-0.063,998.72,26.98,-0.63
18506,-0.0073,0.0073,0.9917,0.010,0.056,-0.032,998.66,26.98,-0.12
18516,-0.0059,0.0083,0.9907,0.040,0.026,-0.032,998.73,26.98,-0.71
18526,-0.0054,0.0078,0.9922,0.071,-0.005,0.029,998.71,26.98,-0.54
18536,-0.0083,0.0063,0.9917,0.040,0.026,-0.002,998.78,26.98,-1.14
18546,-0.0049,0.0063,0.9912,0.010,-0.005,0.029,998.70,26.98,-0.46
18556,-0.0078,0.0078,0.9897,0.010,-0.005,-0.002,998.76,26.98,-0.97
18566,-0.0049,0.0088,0.9902,0.040,0.026,-0.002,998.74,26.98,-0.80
18576,-0.0059,0.0103,0.9907,-0.051,-0.035,-0.063,998.65,26.98,-0.04
18586,-0.0083,0.0088,0.9932,-0.021,-0.005,-0.032,998.72,26.98,-0.63
18596,-0.0034,0.0103,0.9912,0.010,-0.005,-0.002,998.68,26.98,-0.29
18606,-0.0078,0.0088,0.9922,0.010,-0.005,-0.032,998.72,26.98,-0.63
18616,-0.0063,0.0083,0.9932,0.071,0.026,-0.063,998.72,26.98,-0.63
18626,-0.0054,0.0078,0.9946,0.040,-0.005,0.029,998.70,26.98,-0.46
18636,-0.0049,0.0083,0.9907,0.010,-0.035,-0.002,998.77,26.98,-1.05
18646,-0.0039,0.0078,0.9922,-0.051,-0.066,-0.032,998.75,26.98,-0.88
18656,-0.0063,0.0088,0.9927,-0.051,0.026,-0.002,998.72,26.98,-0.63
18666,-0.0039,0.0093,0.9912,-0.051,0.026,0.029,998.77,26.98,-1.05
18676,-0.0063,0.0083,0.9902,0.010,0.026,0.029,998.75,26.98,-0.88
18686,-0.0078,0.0068,0.9902,-0.021,-0.005,0.029,998.72,26.98,-0.63
18696,-0.0024,0.0088,0.9897,-0.051,-0.005,0.029,998.78,26.98,-1.14
18706,-0.0078,0.0083,0.9897,0.010,-0.005,-0.002,998.75,26.98,-0.88
18716,-0.0044,0.0093,0.9907,-0.021,-0.005,-0.032,998.70,26.98,-0.46
18726,-0.0073,0.0068,0.9902,0.040,-0.035,-0.002,998.75,26.98,-0.88
18736,-0.0103,0.0088,0.9907,0.010,-0.035,0.029,998.66,26.99,-0.12
18746,-0.0059,0.0098,0.9946,0.010,-0.005,0.059,998.66,26.98,-0.12
18756,-0.0073,0.0068,0.9937,-0.051,0.026,0.029,998.69,26.98,-0.38
18766,-0.0044,0.0083,0.9912,-0.021,-0.005,-0.032,998.71,26.98,-0.54
18776,-0.0063,0.0078,0.9927,-0.051,-0.035,-0.032,998.76,26.99,-0.97
18786,-0.0044,0.0083,0.9912,0.010,0.026,-0.002,998.71,26.99,-0.54
18796,-0.0044,0.0083,0.9902,0.010,0.026,-0.032,998.71,26.99,-0.54
18806,-0.0088,0.0078,0.9897,-0.021,0.056,-0.032,998.77,26.98,-1.05
18816,-0.0059,0.0088,0.9868,-0.051,0.026,-0.032,998.70,26.98,-0.46
18826,-0.0078,0.0063,0.9907,0.040,0.026,-0.002,998.76,26.98,-0.97
18836,-0.0073,0.0083,0.9912,-0.021,0.056,-0.032,998.67,26.98,-0.21
18846,-0.0063,0.0088,0.9922,0.010,0.117,-0.063,998.68,26.98,-0.29
18856,-0.0073,0.0088,0.9893,0.010,0.087,-0.032,998.70,26.98,-0.46
18866,-0.0049,0.0103,0.9897,-0.051,0.026,-0.002,998.75,26.98,-0.88
18876,-0.0059,0.0098,0.9897,0.010,0.026,-0.063,998.70,26.98,-0.46
18886,-0.0068,0.0078,0.9893,0.010,-0.005,-0.093,998.73,26.98,-0.71
18896,-0.0068,0.0103,0.9917,0.010,-0.005,-0.032,998.71,26.99,-0.54
18906,-0.0073,0.0088,0.9922,0.010,-0.005,-0.032,998.67,26.99,-0.21
18916,-0.0044,0.0117,0.9897,0.010,-0.005,-0.032,998.63,26.98,0.13
18926,-0.0073,0.0088,0.9927,0.040,-0.035,-0.032,998.71,26.99,-0.54
18936,-0.0073,0.0083,0.9912,0.010,-0.005,-0.002,998.68,26.98,-0.29
18946,-0.0059,0.0103,0.9912,-0.051,0.056,-0.002,998.65,26.99,-0.04
18956,-0.0068,0.0083,0.9878,0.040,-0.005,-0.002,998.74,26.98,-0.80
18966,-0.0044,0.0088,0.9893,0.010,-0.005,0.029,998.69,26.98,-0.38
18976,-0.0073,0.0078,0.9912,0.010,0.026,0.029,998.73,26.98,-0.71
18986,-0.0068,0.0093,0.9912,0.040,-0.005,0.029,998.68,26.99,-0.29
18996,-0.0054,0.0088,0.9912,0.010,0.026,-0.002,998.70,26.98,-0.46
19006,-0.0098,0.0088,0.9922,-0.021,0.026,-0.063,998.71,26.99,-0.54
19016,-0.0059,0.0112,0.9897,0.010,-0.035,0.029,998.72,26.98,-0.63
19026,-0.0093,0.0078,0.9922,0.010,-0.005,-0.002,998.69,26.98,-0.38
19036,-0.0063,0.0073,0.9956,0.010,-0.005,-0.032,998.72,26.99,-0.63
19046,-0.0073,0.0103,0.9922,0.010,0.026,-0.063,998.68,26.99,-0.29
19056,-0.0083,0.0063,0.9893,0.010,0.026,-0.032,998.71,26.99,-0.54
19066,-0.0029,0.0083,0.9932,0.010,-0.005,-0.032,998.77,26.99,-1.05
19076,-0.0059,0.0073,0.9937,-0.051,-0.035,-0.002,998.76,26.99,-0.97
19086,-0.0034,0.0078,0.9922,-0.021,-0.035,-0.063,998.66,26.99,-0.12
19096,-0.0068,0.0088,0.9917,-0.021,-0.035,0.059,998.69,26.99,-0.38
19106,-0.0078,0.0083,0.9927,-0.021,0.026,0.059,998.71,26.98,-0.54
19116,-0.0049,0.0078,0.9922,0.010,0.026,-0.002,998.69,26.99,-0.38
19126,-0.0078,0.0083,0.9907,-0.051,0.026,-0.032,998.79,26.99,-1.22
19136,-0.0044,0.0078,0.9912,-0.021,0.056,-0.093,998.73,26.99,-0.71
19146,-0.0059,0.0078,0.9897,-0.021,0.056,-0.002,998.71,26.99,-0.54
19156,-0.0059,0.0088,0.9917,0.010,-0.005,-0.063,998.71,26.99,-0.54
19166,-0.0059,0.0073,0.9897,-0.021,-0.005,-0.032,998.75,26.99,-0.88
19176,-0.0083,0.0063,0.9888,-0.051,0.026,-0.032,998.82,26.98,-1.47
19186,-0.0063,0.0103,0.9893,0.010,-0.005,-0.032,998.73,26.99,-0.71
19196,-0.0088,0.0083,0.9917,0.010,-0.066,-0.063,998.81,26.99,-1.39
19206,-0.0083,0.0068,0.9927,0.040,-0.005,0.059,998.69,26.99,-0.38
19216,-0.0078,0.0078,0.9927,0.101,-0.035,0.059,998.69,26.99,-0.38
19226,-0.0078,0.0083,0.9922,0.040,-0.035,-0.002,998.78,26.98,-1.14
19236,-0.0044,0.0103,0.9932,0.040,0.026,-0.002,998.71,26.98,-0.54
19246,-0.0078,0.0088,0.9937,0.040,-0.005,-0.032,998.68,26.99,-0.29
19256,-0.0059,0.0083,0.9912,0.010,-0.005,-0.002,998.67,26.99,-0.21
19266,-0.0049,0.0083,0.9932,0.010,-0.005,0.029,998.68,26.99,-0.29
19276,-0.0078,0.0088,0.9917,0.010,-0.005,0.029,998.69,26.99,-0.38
19286,-0.0059,0.0078,0.9937,0.040,-0.066,-0.002,998.73,26.99,-0.71
19296,-0.0073,0.0093,0.9912,0.040,-0.005,-0.002,998.73,26.99,-0.71
19306,-0.0068,0.0103,0.9922,-0.021,-0.005,0.059,998.71,26.99,-0.54
19316,-0.0068,0.0083,0.9917,-0.051,-0.066,-0.002,998.73,26.99,-0.71
19326,-0.0073,0.0073,0.9917,0.010,-0.005,0.029,998.72,26.99,-0.63
19336,-0.0049,0.0078,0.9897,0.010,0.026,0.059,998.74,26.99,-0.80
19347,-0.0063,0.0073,0.9941,-0.021,-0.035,-0.032,998.77,26.99,-1.05
19358,-0.0049,0.0063,0.9912,-0.021,0.026,0.029,998.70,26.99,-0.46
19366,-0.0068,0.0063,0.9927,0.010,0.026,-0.002,998.73,26.99,-0.71
19376,-0.0063,0.0068,0.9893,-0.021,0.026,-0.063,998.69,26.99,-0.38
19386,-0.0039,0.0083,0.9897,-0.021,-0.035,-0.032,998.70,26.99,-0.46
19396,-0.0088,0.0078,0.9897,0.010,0.056,0.059,998.67,26.99,-0.21
19406,-0.0059,0.0098,0.9893,-0.021,0.026,-0.032,998.66,26.99,-0.12
19416,-0.0068,0.0093,0.9907,-0.051,0.056,-0.002,998.77,26.99,-1.05
19426,-0.0078,0.0068,0.9902,0.010,-0.035,0.029,998.70,26.99,-0.46
19436,-0.0039,0.0083,0.9937,-0.021,0.026,-0.002,998.81,26.99,-1.39
19446,-0.0078,0.0093,0.9922,-0.021,-0.005,0.029,998.70,26.99,-0.46
19456,-0.0054,0.0068,0.9932,-0.021,-0.005,-0.002,998.69,26.99,-0.38
19466,-0.0059,0.0083,0.9922,0.010,-0.035,-0.032,998.71,26.99,-0.54
19476,-0.0093,0.0083,0.9927,0.040,-0.035,-0.093,998.68,26.99,-0.29
19486,-0.0059,0.0078,0.9902,-0.051,0.087,-0.002,998.68,26.99,-0.29
19496,-0.0093,0.0083,0.9927,-0.051,0.087,-0.032,998.76,26.99,-0.97
19506,-0.0044,0.0088,0.9897,-0.082,-0.035,-0.002,998.60,26.99,0.39
19516,-0.0054,0.0078,0.9912,-0.082,-0.066,0.059,998.71,26.99,-0.54
19526,-0.0068,0.0083,0.9897,-0.051,-0.035,-0.002,998.67,26.99,-0.21
19536,-0.0039,0.0098,0.9888,0.010,-0.035,0.029,998.73,26.99,-0.71
19546,-0.0078,0.0073,0.9917,0.010,-0.005,-0.002,998.63,26.99,0.13
19556,-0.0054,0.0073,0.9922,0.040,-0.066,-0.032,998.71,26.99,-0.54
19566,-0.0078,0.0078,0.9932,0.040,0.026,-0.032,998.68,26.99,-0.29
19576,-0.0063,0.0093,0.9912,0.010,0.026,-0.032,998.74,26.99,-0.80
19586,-0.0059,0.0103,0.9917,0.071,-0.005,-0.002,998.72,26.99,-0.63
19596,-0.0093,0.0073,0.9932,-0.021,-0.005,0.059,998.75,26.99,-0.88
19606,-0.0044,0.0083,0.9922,-0.021,-0.035,-0.002,998.70,26.99,-0.46
19616,-0.0068,0.0088,0.9902,0.010,-0.005,0.029,998.69,26.99,-0.38
19626,-0.0063,0.0073,0.9912,0.040,-0.005,-0.032,998.64,26.99,0.05
19636,-0.0049,0.0078,0.9897,0.010,-0.005,-0.002,998.71,26.99,-0.54
19646,-0.0073,0.0059,0.9907,-0.051,0.087,0.029,998.78,26.99,-1.14
19656,-0.0054,0.0073,0.9917,-0.021,0.087,-0.002,998.75,26.99,-0.88
19666,-0.0063,0.0073,0.9937,-0.021,-0.035,0.029,998.71,26.99,-0.54
19676,-0.0063,0.0083,0.9922,0.010,-0.035,-0.063,998.66,26.99,-0.12
19686,-0.0063,0.0083,0.9932,0.010,-0.035,-0.063,998.70,26.99,-0.46
19696,-0.0083,0.0068,0.9937,0.010,-0.005,-0.032,998.69,26.99,-0.38
19706,-0.0044,0.0093,0.9922,-0.051,0.026,-0.032,998.73,26.99,-0.71
19716,-0.0083,0.0098,0.9902,-0.021,0.056,-0.002,998.67,26.99,-0.21
19726,-0.0063,0.0098,0.9917,-0.021,0.026,0.029,998.59,26.99,0.47
19736,-0.0078,0.0103,0.9922,-0.021,-0.005,0.029,998.64,26.99,0.05
19746,-0.0068,0.0078,0.9912,0.010,-0.005,-0.032,998.70,26.99,-0.46
19756,-0.0039,0.0103,0.9951,0.010,0.026,-0.063,998.72,26.99,-0.63
19766,-0.0049,0.0068,0.9902,-0.021,0.056,0.029,998.73,26.99,-0.71
19776,-0.0054,0.0083,0.9902,-0.021,0.026,0.029,998.71,26.99,-0.54
19786,-0.0063,0.0093,0.9917,0.040,0.026,0.029,998.71,26.99,-0.54
19796,-0.0068,0.0068,0.9922,-0.021,-0.035,-0.002,998.67,26.99,-0.21
19806,-0.0049,0.0078,0.9932,-0.051,-0.035,-0.002,998.74,26.99,-0.80
19816,-0.0078,0.0068,0.9917,0.010,0.026,-0.063,998.73,26.99,-0.71
19826,-0.0044,0.0073,0.9907,0.010,-0.005,-0.002,998.68,26.99,-0.29
19836,-0.0068,0.0098,0.9912,-0.021,-0.005,-0.002,998.68,26.99,-0.29
19846,-0.0068,0.0078,0.9917,-0.051,-0.035,-0.002,998.65,26.99,-0.04
19856,-0.0039,0.0088,0.9932,0.010,-0.005,-0.032,998.71,26.99,-0.54
19866,-0.0093,0.0059,0.9927,0.010,-0.005,-0.032,998.71,26.99,-0.54
19876,-0.0049,0.0073,0.9927,-0.021,0.026,-0.002,998.71,26.99,-0.54
19886,-0.0068,0.0083,0.9927,0.040,-0.035,-0.032,998.69,26.99,-0.38
19896,-0.0083,0.0098,0.9902,0.010,-0.005,-0.032,998.64,26.99,0.05
19906,-0.0034,0.0078,0.9897,-0.021,-0.005,0.029,998.69,26.99,-0.38
19916,-0.0083,0.0073,0.9932,-0.051,-0.035,-0.002,998.71,26.99,-0.54
19926,-0.0054,0.0068,0.9927,-0.021,0.026,-0.063,998.62,26.99,0.22
19936,-0.0073,0.0078,0.9927,0.010,0.056,-0.032,998.73,26.99,-0.71
19946,-0.0083,0.0098,0.9912,-0.021,0.056,-0.032,998.73,27.00,-0.71
19956,-0.0039,0.0088,0.9932,0.010,-0.035,0.029,998.78,26.99,-1.14
19966,-0.0078,0.0083,0.9907,-0.051,0.026,-0.002,998.72,26.99,-0.63
19976,-0.0034,0.0073,0.9927,-0.021,0.026,0.029,998.71,26.99,-0.54
19986,-0.0073,0.0078,0.9897,-0.021,0.056,-0.002,998.75,27.00,-0.88
19996,-0.0063,0.0098,0.9932,-0.021,-0.005,-0.032,998.72,26.99,-0.63
20006,-0.0049,0.0103,0.9912,-0.021,-0.005,-0.032,998.75,26.99,-0.88
20016,-0.0073,0.0059,0.9893,0.010,0.056,-0.063,998.66,26.99,-0.12
20026,-0.0039,0.0093,0.9897,0.040,0.026,-0.002,998.63,26.99,0.13
20036,-0.0093,0.0093,0.9907,-0.051,-0.005,0.029,998.73,26.99,-0.71
20046,-0.0068,0.0073,0.9932,-0.021,-0.035,0.029,998.79,26.99,-1.22
20056,-0.0049,0.0107,0.9922,-0.021,0.026,0.029,998.62,26.99,0.22
20066,-0.0083,0.0073,0.9897,0.010,-0.005,-0.002,998.69,26.99,-0.38
20076,-0.0039,0.0073,0.9917,-0.021,-0.035,-0.032,998.69,26.99,-0.38
20086,-0.0083,0.0078,0.9917,0.010,0.026,-0.032,998.80,26.99,-1.31
20096,-0.0049,0.0098,0.9893,0.040,-0.005,-0.032,998.71,26.99,-0.54
20106,-0.0073,0.0098,0.9897,0.040,-0.005,-0.002,998.72,26.99,-0.63
20116,-0.0098,0.0093,0.9907,0.010,-0.035,-0.002,998.76,26.99,-0.97
20126,-0.0059,0.0103,0.9912,-0.021,-0.005,0.029,998.81,26.99,-1.39
20136,-0.0093,0.0083,0.9912,-0.021,-0.005,0.059,998.68,26.99,-0.29
20146,-0.0049,0.0073,0.9912,0.040,-0.005,0.059,998.75,27.00,-0.88
20156,-0.0054,0.0078,0.9912,0.010,0.026,-0.063,998.75,26.99,-0.88
20166,-0.0068,0.0093,0.9902,0.040,-0.066,-0.032,998.75,26.99,-0.88
20176,-0.0039,0.0083,0.9902,0.010,-0.035,-0.063,998.67,26.99,-0.21
20186,-0.0063,0.0083,0.9927,0.040,0.026,-0.002,998.72,26.99,-0.63
20196,-0.0039,0.0088,0.9912,0.040,-0.005,-0.002,998.67,26.99,-0.21
20206,-0.0054,0.0088,0.9912,-0.051,-0.005,-0.063,998.77,26.99,-1.05
20216,-0.0063,0.0088,0.9888,-0.051,0.056,-0.002,998.68,26.99,-0.29
20226,-0.0039,0.0103,0.9902,-0.021,-0.035,-0.002,998.75,26.99,-0.88
20236,-0.0093,0.0073,0.9907,0.010,-0.035,-0.002,998.66,26.99,-0.12
20246,-0.0044,0.0078,0.9878,0.010,-0.005,-0.032,998.72,26.99,-0.63
20256,-0.0049,0.0083,0.9897,0.040,0.056,-0.002,998.70,26.99,-0.46
20266,-0.0078,0.0073,0.9897,-0.021,0.026,-0.032,998.74,26.99,-0.80
20276,-0.0059,0.0112,0.9917,-0.051,-0.005,-0.032,998.58,26.99,0.55
20286,-0.0093,0.0083,0.9917,-0.021,-0.035,-0.063,998.75,26.99,-0.88
20296,-0.0054,0.0088,0.9937,0.010,-0.035,0.059,998.66,26.99,-0.12
20306,-0.0088,0.0078,0.9941,-0.021,0.026,0.029,998.69,26.99,-0.38
20316,-0.0068,0.0088,0.9912,0.040,-0.066,0.029,998.71,26.99,-0.54
20326,-0.0059,0.0093,0.9883,0.010,-0.066,0.059,998.77,26.99,-1.05
20336,-0.0073,0.0073,0.9907,-0.051,-0.035,-0.002,998.74,26.99,-0.80
20347,-0.0044,0.0088,0.9907,0.040,-0.005,0.029,998.68,26.99,-0.29
20358,-0.0068,0.0093,0.9917,0.071,-0.005,-0.032,998.69,26.99,-0.38
20366,-0.0063,0.0073,0.9912,-0.021,-0.005,-0.032,998.71,26.99,-0.54
20376,-0.0059,0.0093,0.9917,-0.021,-0.035,-0.002,998.69,26.99,-0.38
20386,-0.0093,0.0073,0.9897,0.010,0.026,-0.002,998.71,26.99,-0.54
20396,-0.0029,0.0083,0.9907,0.010,-0.005,0.059,998.76,26.99,-0.97
20406,-0.0073,0.0093,0.9902,-0.021,-0.005,0.029,998.68,26.99,-0.29
20416,-0.0063,0.0088,0.9902,-0.021,0.026,0.029,998.71,26.99,-0.54
20426,-0.0059,0.0088,0.9922,0.010,0.026,0.059,998.76,26.99,-0.97
20436,-0.0073,0.0073,0.9927,-0.021,0.026,0.029,998.66,26.99,-0.12
20446,-0.0029,0.0088,0.9917,0.040,-0.005,0.029,998.67,26.99,-0.21
20456,-0.0073,0.0073,0.9912,0.010,0.026,-0.032,998.67,26.99,-0.21
20466,-0.0078,0.0078,0.9907,-0.021,-0.005,0.059,998.71,26.99,-0.54
20476,-0.0063,0.0068,0.9917,-0.021,-0.035,0.029,998.67,26.99,-0.21
20486,-0.0073,0.0039,0.9917,-0.051,-0.035,0.029,998.69,26.99,-0.38
20496,-0.0039,0.0073,0.9922,0.040,0.026,0.059,998.75,27.00,-0.88
20506,-0.0093,0.0103,0.9927,0.010,-0.005,0.059,998.70,26.99,-0.46
20516,-0.0073,0.0078,0.9932,0.010,-0.005,-0.002,998.61,26.99,0.30
20526,-0.0088,0.0093,0.9902,0.010,-0.066,-0.002,998.64,26.99,0.05
20536,-0.0093,0.0078,0.9897,0.010,-0.005,-0.032,998.69,26.99,-0.38
20546,-0.0039,0.0083,0.9902,0.010,0.026,-0.002,998.72,26.99,-0.63
20556,-0.0078,0.0073,0.9912,0.040,-0.005,-0.032,998.64,27.00,0.05
20566,-0.0049,0.0088,0.9893,0.010,-0.005,-0.032,998.67,27.00,-0.21
20576,-0.0068,0.0088,0.9922,-0.021,0.026,-0.002,998.72,26.99,-0.63
20586,-0.0073,0.0088,0.9917,0.010,-0.005,-0.032,998.69,26.99,-0.38
20596,-0.0044,0.0103,0.9927,-0.021,0.026,0.029,998.71,26.99,-0.54
20606,-0.0078,0.0068,0.9927,-0.082,0.026,-0.032,998.69,27.00,-0.38
20616,-0.0054,0.0083,0.9902,-0.051,-0.035,-0.002,998.67,26.99,-0.21
20626,-0.0068,0.0073,0.9893,-0.021,-0.035,-0.032,998.72,26.99,-0.63
20636,-0.0073,0.0098,0.9893,0.010,0.026,-0.002,998.71,26.99,-0.54
20646,-0.0054,0.0078,0.9907,0.010,-0.035,-0.032,998.70,26.99,-0.46
20656,-0.0088,0.0088,0.9922,0.010,-0.005,0.059,998.68,26.99,-0.29
20666,-0.0049,0.0093,0.9932,-0.021,0.056,0.029,998.75,26.99,-0.88
20676,-0.0073,0.0073,0.9897,0.010,0.026,0.029,998.70,26.99,-0.46
20686,-0.0073,0.0059,0.9902,0.040,0.026,-0.002,998.74,26.99,-0.80
20696,-0.0059,0.0103,0.9907,0.010,0.026,-0.002,998.75,26.99,-0.88
20706,-0.0083,0.0093,0.9902,0.010,-0.066,0.059,998.75,26.99,-0.88
20716,-0.0054,0.0093,0.9897,0.040,0.026,0.029,998.71,26.99,-0.54
20726,-0.0073,0.0088,0.9902,0.010,-0.005,0.090,998.75,26.99,-0.88
20736,-0.0068,0.0103,0.9907,-0.021,-0.035,-0.002,998.72,26.99,-0.63
20746,-0.0054,0.0103,0.9888,-0.051,0.026,-0.002,998.68,26.99,-0.29
20756,-0.0083,0.0073,0.9907,-0.021,-0.005,0.029,998.71,26.99,-0.54
20766,-0.0034,0.0103,0.9912,0.040,0.056,0.029,998.65,26.99,-0.04
20776,-0.0078,0.0093,0.9917,0.010,0.026,-0.093,998.65,27.00,-0.04
20786,-0.0073,0.0078,0.9922,-0.021,0.026,-0.002,998.74,27.00,-0.80
20796,-0.0073,0.0088,0.9937,-0.051,0.026,-0.002,998.67,27.00,-0.21
20806,-0.0093,0.0088,0.9932,-0.051,0.026,-0.063,998.68,27.00,-0.29
20816,-0.0034,0.0098,0.9932,-0.021,-0.035,-0.032,998.64,26.99,0.05
20826,-0.0063,0.0073,0.9907,-0.021,-0.035,-0.002,998.69,26.99,-0.38
20836,-0.0073,0.0083,0.9912,-0.021,-0.035,-0.002,998.76,27.00,-0.97
20846,-0.0063,0.0098,0.9897,0.040,-0.005,-0.032,998.70,26.99,-0.46
20856,-0.0078,0.0083,0.9912,-0.021,0.026,-0.063,998.73,26.99,-0.71
20866,-0.0054,0.0078,0.9902,0.010,0.026,-0.002,998.70,26.99,-0.46
20876,-0.0093,0.0078,0.9883,0.071,-0.005,-0.002,998.72,27.00,-0.63
20886,-0.0049,0.0103,0.9868,0.040,-0.005,-0.002,998.69,27.00,-0.38
20896,-0.0068,0.0088,0.9912,0.040,-0.035,0.029,998.76,27.00,-0.97
20906,-0.0073,0.0078,0.9937,-0.021,-0.035,0.029,998.69,26.99,-0.38
20916,-0.0054,0.0098,0.9893,0.040,-0.035,-0.002,998.76,26.99,-0.97
20926,-0.0088,0.0093,0.9907,0.010,0.026,-0.063,998.72,26.99,-0.63
20936,-0.0054,0.0103,0.9907,0.010,-0.035,0.029,998.70,26.99,-0.46
20946,-0.0039,0.0088,0.9912,0.010,0.056,0.090,998.72,27.00,-0.63
20956,-0.0068,0.0088,0.9902,0.010,-0.005,-0.002,998.69,26.99,-0.38
20966,-0.0039,0.0103,0.9927,-0.051,-0.035,-0.002,998.72,27.00,-0.63
20976,-0.0093,0.0088,0.9932,0.010,0.026,-0.032,998.68,26.99,-0.29
20986,-0.0054,0.0073,0.9902,0.010,0.056,-0.032,998.69,27.00,-0.38
20996,-0.0073,0.0088,0.9897,0.040,-0.035,0.029,998.74,27.00,-0.80
21006,-0.0073,0.0083,0.9922,0.010,0.056,0.059,998.72,27.00,-0.63
21016,-0.0059,0.0098,0.9912,0.010,-0.005,0.029,998.72,27.00,-0.63
21026,-0.0093,0.0078,0.9912,0.010,-0.005,-0.002,998.72,27.00,-0.63
21036,-0.0034,0.0078,0.9902,0.010,-0.066,0.029,998.70,26.99,-0.46
21046,-0.0059,0.0073,0.9902,-0.021,0.026,-0.002,998.69,26.99,-0.38
21056,-0.0054,0.0068,0.9922,-0.021,-0.005,0.059,998.66,27.00,-0.12
21066,-0.0039,0.0088,0.9917,0.040,-0.005,-0.002,998.70,27.00,-0.46
21076,-0.0088,0.0063,0.9888,0.010,-0.035,-0.032,998.73,27.00,-0.71
21086,-0.0039,0.0093,0.9912,-0.021,-0.035,-0.063,998.74,27.00,-0.80
21096,-0.0093,0.0098,0.9922,0.010,-0.035,-0.032,998.68,27.00,-0.29
21106,-0.0068,0.0103,0.9917,0.040,0.026,-0.002,998.70,27.00,-0.46
21116,-0.0049,0.0098,0.9897,0.010,-0.035,-0.002,998.72,26.99,-0.63
21126,-0.0088,0.0103,0.9893,0.010,0.026,-0.002,998.75,27.00,-0.88
21136,-0.0034,0.0093,0.9902,-0.051,0.026,0.029,998.71,27.00,-0.54
21146,-0.0073,0.0083,0.9922,0.010,0.026,-0.032,998.72,27.00,-0.63
21156,-0.0054,0.0083,0.9917,0.010,-0.035,-0.063,998.72,27.00,-0.63
21166,-0.0044,0.0098,0.9917,0.010,-0.035,0.059,998.71,27.00,-0.54
21176,-0.0098,0.0103,0.9912,-0.051,-0.005,-0.002,998.63,26.99,0.13
21186,-0.0063,0.0093,0.9927,0.010,0.056,-0.002,998.71,27.00,-0.54
21196,-0.0098,0.0068,0.9922,0.010,0.026,-0.002,998.68,27.00,-0.29
21206,-0.0068,0.0088,0.9922,0.010,0.026,-0.002,998.76,27.00,-0.97
21216,-0.0068,0.0078,0.9941,-0.021,0.056,-0.002,998.71,27.00,-0.54
21226,-0.0078,0.0088,0.9907,0.010,-0.035,-0.032,998.78,27.00,-1.14
21236,-0.0044,0.0088,0.9897,-0.051,-0.035,0.090,998.74,27.00,-0.80
21246,-0.0063,0.0088,0.9893,-0.051,-0.035,-0.002,998.79,27.00,-1.22
21256,-0.0054,0.0083,0.9902,0.010,-0.005,-0.002,998.70,27.00,-0.46
21266,-0.0088,0.0078,0.9902,-0.051,-0.005,-0.032,998.70,27.00,-0.46
21276,-0.0078,0.0059,0.9902,0.010,-0.035,0.029,998.69,27.00,-0.38
21286,-0.0054,0.0103,0.9883,-0.021,0.026,-0.002,998.76,27.00,-0.97
21296,-0.0093,0.0083,0.9888,-0.021,-0.005,-0.063,998.75,27.00,-0.88
21306,-0.0034,0.0088,0.9912,0.010,0.026,-0.002,998.71,27.00,-0.54
21316,-0.0073,0.0083,0.9917,0.040,0.056,0.029,998.68,27.00,-0.29
21326,-0.0068,0.0088,0.9922,0.010,-0.005,-0.032,998.72,27.00,-0.63
21336,-0.0054,0.0088,0.9912,0.010,-0.005,0.029,998.73,27.00,-0.71
21347,-0.0083,0.0093,0.9902,-0.051,0.026,-0.002,998.68,27.00,-0.29
21358,-0.0044,0.0103,0.9897,0.010,-0.035,0.059,998.72,27.00,-0.63
21366,-0.0063,0.0093,0.9912,-0.051,-0.005,0.029,998.68,27.00,-0.29
21376,-0.0083,0.0073,0.9893,-0.021,0.026,-0.032,998.73,27.00,-0.71
21386,-0.0054,0.0083,0.9912,-0.051,-0.005,-0.002,998.74,27.00,-0.80
21396,-0.0088,0.0068,0.9932,-0.082,-0.066,-0.002,998.63,27.00,0.13
21406,-0.0059,0.0093,0.9927,0.010,0.026,-0.002,998.76,27.00,-0.97
21416,-0.0068,0.0078,0.9922,-0.021,0.087,-0.063,998.72,27.00,-0.63
21426,-0.0063,0.0088,0.9922,-0.021,0.056,-0.032,998.70,27.00,-0.46
21436,-0.0059,0.0083,0.9932,0.010,0.026,0.029,998.74,27.00,-0.80
21446,-0.0093,0.0068,0.9912,-0.021,-0.005,0.029,998.76,27.00,-0.97
21456,-0.0049,0.0103,0.9888,0.010,-0.005,-0.002,998.81,27.00,-1.39
21466,-0.0088,0.0093,0.9897,0.010,0.026,-0.002,998.69,27.00,-0.38
21476,-0.0059,0.0078,0.9946,0.010,-0.066,-0.063,998.68,27.00,-0.29
21486,-0.0039,0.0098,0.9927,0.010,-0.005,-0.002,998.71,27.00,-0.54
21496,-0.0078,0.0078,0.9907,0.010,-0.066,0.059,998.73,27.00,-0.71
21506,-0.0029,0.0083,0.9897,-0.021,-0.066,-0.032,998.78,27.00,-1.14
21516,-0.0078,0.0088,0.9917,0.010,0.026,-0.032,998.71,27.00,-0.54
21526,-0.0073,0.0078,0.9907,0.010,0.056,0.029,998.71,27.00,-0.54
21536,-0.0054,0.0073,0.9922,-0.082,0.056,0.029,998.76,27.00,-0.97
21546,-0.0088,0.0059,0.9888,-0.021,-0.005,-0.063,998.63,27.00,0.13
21556,-0.0054,0.0083,0.9902,0.010,-0.066,-0.032,998.71,27.00,-0.54
21566,-0.0073,0.0073,0.9893,0.040,-0.035,-0.002,998.74,27.00,-0.80
21576,-0.0063,0.0059,0.9907,0.040,0.026,-0.002,998.76,27.00,-0.97
21586,-0.0059,0.0078,0.9897,-0.021,0.026,-0.032,998.68,27.00,-0.29
21596,-0.0063,0.0093,0.9917,-0.021,-0.005,-0.063,998.68,27.00,-0.29
21606,-0.0044,0.0093,0.9917,0.040,-0.005,-0.002,998.73,27.01,-0.71
21616,-0.0078,0.0088,0.9927,0.040,0.026,-0.032,998.64,27.01,0.05
21626,-0.0054,0.0083,0.9917,0.010,-0.035,0.029,998.69,27.00,-0.38
21636,-0.0063,0.0078,0.9927,-0.051,-0.005,0.059,998.75,27.00,-0.88
21646,-0.0083,0.0078,0.9937,0.010,0.026,-0.032,998.70,27.01,-0.46
21656,-0.0039,0.0103,0.9927,0.010,-0.005,-0.002,998.66,27.00,-0.12
21666,-0.0078,0.0093,0.9893,0.010,0.026,-0.032,998.75,27.01,-0.88
21676,-0.0068,0.0078,0.9937,0.010,-0.005,0.059,998.70,27.01,-0.46
21686,-0.0068,0.0088,0.9946,0.010,-0.066,0.059,998.71,27.01,-0.54
21696,-0.0068,0.0078,0.9927,0.071,-0.066,-0.032,998.73,27.01,-0.71
21706,-0.0054,0.0107,0.9897,0.010,-0.066,0.029,998.68,27.01,-0.29
21716,-0.0068,0.0078,0.9907,-0.021,-0.005,0.029,998.71,27.00,-0.54
21726,-0.0044,0.0088,0.9927,-0.051,-0.005,-0.002,998.66,27.00,-0.12
21736,-0.0054,0.0078,0.9922,-0.021,-0.005,-0.032,998.78,27.01,-1.14
21746,-0.0088,0.0078,0.9932,0.040,-0.005,-0.002,998.65,27.01,-0.04
21756,-0.0059,0.0088,0.9912,0.040,-0.035,-0.002,998.75,27.00,-0.88
21766,-0.0088,0.0088,0.9927,0.010,-0.035,-0.063,998.72,27.01,-0.63
21776,-0.0020,0.0083,0.9927,-0.021,-0.005,-0.002,998.66,27.01,-0.12
21786,-0.0049,0.0083,0.9897,0.010,0.026,-0.002,998.69,27.00,-0.38
21796,-0.0059,0.0083,0.9917,0.010,-0.005,-0.032,998.75,27.01,-0.88
21806,-0.0039,0.0088,0.9912,0.010,0.056,-0.032,998.64,27.01,0.05
21816,-0.0098,0.0078,0.9941,0.010,-0.005,-0.002,998.71,27.00,-0.54
21826,-0.0034,0.0083,0.9922,-0.021,-0.035,-0.063,998.72,27.01,-0.63
21836,-0.0059,0.0073,0.9932,0.010,-0.005,-0.002,998.65,27.01,-0.04
21846,-0.0063,0.0088,0.9888,0.010,-0.005,-0.032,998.73,27.01,-0.71
21856,-0.0044,0.0098,0.9888,-0.051,-0.005,-0.002,998.67,27.01,-0.21
21866,-0.0073,0.0073,0.9902,-0.021,-0.066,-0.002,998.74,27.01,-0.80
21876,-0.0059,0.0078,0.9912,-0.021,-0.035,-0.002,998.75,27.01,-0.88
21886,-0.0078,0.0083,0.9907,-0.051,0.026,-0.002,998.73,27.01,-0.71
21896,-0.0073,0.0078,0.9907,-0.082,0.026,-0.032,998.71,27.01,-0.54
21906,-0.0054,0.0068,0.9932,0.010,0.026,-0.032,998.69,27.01,-0.38
21916,-0.0093,0.0093,0.9932,-0.021,0.026,0.029,998.68,27.01,-0.29
21926,-0.0054,0.0103,0.9961,-0.021,0.026,0.029,998.67,27.01,-0.21
21936,-0.0073,0.0078,0.9922,0.040,-0.005,-0.002,998.70,27.01,-0.46
21946,-0.0054,0.0078,0.9902,0.010,0.056,-0.063,998.72,27.01,-0.63
21956,-0.0068,0.0088,0.9917,0.010,0.087,-0.032,998.73,27.01,-0.71
21966,-0.0088,0.0068,0.9897,0.010,0.026,-0.032,998.73,27.01,-0.71
21976,-0.0059,0.0073,0.9927,0.010,-0.005,-0.032,998.75,27.01,-0.88
21986,-0.0088,0.0063,0.9897,0.010,-0.005,-0.032,998.69,27.01,-0.38
21996,-0.0049,0.0059,0.9912,0.040,-0.005,-0.032,998.69,27.01,-0.38
22006,-0.0068,0.0083,0.9917,0.010,-0.035,-0.032,998.68,27.01,-0.29
22016,-0.0083,0.0063,0.9922,-0.021,-0.005,0.029,998.65,27.01,-0.04
22026,-0.0049,0.0083,0.9893,-0.021,-0.005,-0.002,998.72,27.01,-0.63
22036,-0.0083,0.0073,0.9912,0.040,-0.005,0.029,998.66,27.01,-0.12
22046,-0.0039,0.0098,0.9907,-0.021,0.026,-0.032,998.68,27.01,-0.29
22056,-0.0044,0.0083,0.9912,-0.021,0.026,-0.002,998.73,27.01,-0.71
22066,-0.0073,0.0098,0.9897,-0.021,0.026,-0.032,998.67,27.01,-0.21
22076,-0.0059,0.0103,0.9893,-0.021,-0.005,-0.032,998.75,27.01,-0.88
22086,-0.0088,0.0073,0.9902,-0.021,0.026,-0.063,998.71,27.01,-0.54
22096,-0.0034,0.0078,0.9893,-0.021,-0.005,-0.063,998.61,27.01,0.30
22106,-0.0078,0.0083,0.9902,-0.021,0.026,-0.002,998.68,27.01,-0.29
22116,-0.0068,0.0068,0.9907,-0.021,0.056,-0.002,998.72,27.01,-0.63
22126,-0.0054,0.0098,0.9902,0.010,0.056,-0.002,998.75,27.01,-0.88
22136,-0.0088,0.0063,0.9912,0.040,0.056,-0.002,998.66,27.01,-0.12
22146,-0.0054,0.0073,0.9922,-0.021,-0.035,0.029,998.68,27.01,-0.29
22156,-0.0054,0.0068,0.9932,0.040,-0.005,-0.002,998.65,27.01,-0.04
22166,-0.0059,0.0068,0.9907,0.010,-0.005,-0.002,998.65,27.01,-0.04
22176,-0.0059,0.0098,0.9927,0.010,-0.066,0.029,998.65,27.01,-0.04
22186,-0.0098,0.0063,0.9932,0.040,-0.035,0.059,998.70,27.01,-0.46
22196,-0.0039,0.0083,0.9941,0.040,0.026,-0.002,998.61,27.01,0.30
22206,-0.0068,0.0068,0.9961,0.010,0.026,-0.032,998.74,27.01,-0.80
22216,-0.0063,0.0073,0.9941,0.010,-0.035,-0.002,998.68,27.01,-0.29
22226,-0.0029,0.0083,0.9927,-0.021,-0.005,-0.032,998.68,27.01,-0.29
22236,-0.0073,0.0063,0.9946,0.010,-0.005,0.029,998.72,27.01,-0.63
22246,-0.0054,0.0073,0.9897,0.040,0.026,0.029,998.68,27.01,-0.29
22256,-0.0098,0.0083,0.9907,-0.051,0.026,-0.032,998.72,27.01,-0.63
22266,-0.0098,0.0083,0.9893,-0.021,-0.005,0.029,998.69,27.01,-0.38
22276,-0.0068,0.0073,0.9927,0.040,-0.035,-0.002,998.70,27.01,-0.46
22286,-0.0088,0.0073,0.9937,0.010,-0.035,0.029,998.69,27.01,-0.38
22296,-0.0059,0.0088,0.9927,0.040,-0.005,0.029,998.71,27.02,-0.54
22306,-0.0083,0.0093,0.9878,0.010,0.026,0.029,998.66,27.01,-0.12
22316,-0.0093,0.0098,0.9907,0.040,-0.035,0.029,998.71,27.01,-0.54
22326,-0.0068,0.0103,0.9937,-0.021,-0.066,-0.002,998.73,27.01,-0.71
22336,-0.0103,0.0083,0.9922,-0.051,-0.035,0.029,998.64,27.01,0.05
22347,-0.0044,0.0107,0.9941,-0.021,-0.035,0.059,998.69,27.01,-0.38
22358,-0.0093,0.0093,0.9902,-0.021,-0.096,-0.002,998.73,27.01,-0.71
22366,-0.0049,0.0098,0.9893,-0.051,-0.035,0.029,998.74,27.02,-0.80
22376,-0.0044,0.0078,0.9888,0.010,-0.005,-0.032,998.78,27.01,-1.14
22386,-0.0073,0.0063,0.9893,0.010,-0.005,0.090,998.73,27.02,-0.71
22396,-0.0059,0.0083,0.9922,-0.021,-0.005,-0.002,998.70,27.02,-0.46
22406,-0.0098,0.0083,0.9917,0.071,0.056,0.029,998.68,27.01,-0.29
22416,-0.0073,0.0083,0.9937,-0.021,0.056,-0.002,998.78,27.01,-1.14
22426,-0.0083,0.0103,0.9912,0.010,-0.127,0.029,998.66,27.02,-0.12
22436,-0.0073,0.0103,0.9858,-0.051,0.056,-0.002,998.77,27.01,-1.05
22446,-0.0034,0.0098,0.9883,-0.021,0.056,0.029,998.70,27.02,-0.46
22456,-0.0093,0.0078,0.9927,-0.021,-0.005,0.029,998.72,27.02,-0.63
22466,-0.0054,0.0098,0.9873,-0.112,-0.249,-0.032,998.76,27.01,-0.97
22476,-0.0073,0.0093,0.9907,-0.021,0.148,0.059,998.77,27.02,-1.05
22486,-0.0078,0.0073,0.9946,0.010,0.026,0.029,998.69,27.02,-0.38
22496,-0.0034,0.0083,0.9868,0.071,-0.005,0.029,998.65,27.02,-0.04
22506,-0.0088,0.0049,0.9902,0.010,0.026,-0.063,998.70,27.02,-0.46
22516,-0.0034,0.0083,0.9907,-0.082,0.056,0.029,998.74,27.02,-0.80
22526,-0.0093,0.0073,0.9907,0.101,0.056,0.059,998.68,27.02,-0.29
22536,-0.0073,0.0088,0.9902,-0.021,-0.005,-0.032,998.64,27.02,0.05
22546,-0.0044,0.0088,0.9917,-0.051,0.087,-0.002,998.71,27.02,-0.54
22556,-0.0059,0.0078,0.9897,-0.021,-0.005,-0.002,998.73,27.02,-0.71
22566,-0.0020,0.0093,0.9917,0.101,-0.005,0.029,998.74,27.02,-0.80
22576,-0.0059,0.0093,0.9897,0.040,0.026,0.029,998.76,27.02,-0.97
22586,-0.0073,0.0083,0.9888,-0.051,-0.066,0.029,998.70,27.02,-0.46
22596,-0.0059,0.0083,0.9878,-0.021,-0.066,-0.002,998.76,27.02,-0.97
22606,-0.0093,0.0068,0.9927,-0.021,0.087,0.029,998.74,27.02,-0.80
22616,-0.0044,0.0098,0.9922,0.010,0.056,-0.032,998.66,27.02,-0.12
22626,-0.0083,0.0088,0.9922,-0.021,-0.005,-0.093,998.78,27.02,-1.14
22636,-0.0073,0.0073,0.9912,-0.021,-0.005,-0.032,998.72,27.02,-0.63
22646,-0.0059,0.0093,0.9946,0.132,0.026,-0.002,998.80,27.02,-1.31
22656,-0.0054,0.0083,0.9927,-0.051,-0.066,-0.032,998.68,27.02,-0.29
22666,-0.0015,0.0093,0.9907,0.010,-0.035,-0.063,998.74,27.02,-0.80
22676,-0.0063,0.0059,0.9897,0.010,-0.035,-0.063,998.71,27.02,-0.54
22686,-0.0039,0.0083,0.9888,0.010,-0.035,-0.032,998.72,27.02,-0.63
22696,-0.0063,0.0098,0.9902,0.010,-0.066,-0.002,998.72,27.02,-0.63
22706,-0.0093,0.0073,0.9907,-0.051,-0.066,-0.002,998.78,27.02,-1.14
22716,-0.0049,0.0088,0.9902,0.010,-0.005,-0.002,998.74,27.02,-0.80
22726,-0.0073,0.0083,0.9922,0.040,-0.005,0.029,998.71,27.02,-0.54
22736,-0.0044,0.0088,0.9922,0.010,-0.005,-0.002,998.69,27.02,-0.38
22746,-0.0039,0.0083,0.9927,-0.082,-0.066,-0.002,998.70,27.02,-0.46
22756,-0.0068,0.0088,0.9897,-0.051,-0.035,-0.032,998.74,27.02,-0.80
22766,-0.0054,0.0063,0.9912,0.040,0.056,-0.032,998.71,27.02,-0.54
22776,-0.0078,0.0063,0.9917,0.010,0.026,-0.002,998.64,27.02,0.05
22786,-0.0059,0.0068,0.9902,-0.051,-0.066,-0.032,998.75,27.02,-0.88
22796,-0.0073,0.0078,0.9912,0.010,0.026,0.029,998.75,27.02,-0.88
22806,-0.0068,0.0078,0.9893,0.040,-0.005,0.029,998.76,27.02,-0.97
22816,-0.0039,0.0083,0.9912,-0.021,-0.035,0.029,998.72,27.02,-0.63
22826,-0.0073,0.0073,0.9922,0.010,0.026,0.029,998.73,27.02,-0.71
22836,-0.0063,0.0073,0.9897,0.010,0.087,-0.002,998.68,27.02,-0.29
22846,-0.0063,0.0088,0.9922,0.040,0.087,-0.002,998.70,27.02,-0.46
22856,-0.0068,0.0073,0.9922,0.010,0.026,-0.002,998.75,27.02,-0.88
22866,-0.0054,0.0078,0.9907,-0.021,0.056,-0.002,998.67,27.02,-0.21
22876,-0.0093,0.0088,0.9902,-0.051,0.056,-0.032,998.72,27.02,-0.63
22886,-0.0054,0.0093,0.9897,-0.021,-0.005,0.029,998.72,27.02,-0.63
22896,-0.0063,0.0107,0.9883,-0.051,0.026,-0.002,998.64,27.02,0.05
22906,-0.0044,0.0132,0.9854,-0.051,0.209,-0.002,998.74,27.02,-0.80
22916,-0.0044,0.0093,1.0107,0.162,0.635,0.151,998.73,27.03,-0.71
22926,-0.0117,0.0068,0.9941,-0.082,-0.767,-0.093,998.70,27.02,-0.46
22936,-0.0054,0.0063,0.9756,-0.112,0.117,-0.002,998.69,27.02,-0.38
22946,-0.0151,0.0015,0.9990,0.040,0.392,0.059,998.71,27.02,-0.54
22956,-0.0117,0.0034,0.9932,0.162,-0.157,-0.063,998.78,27.02,-1.14
22966,-0.0093,0.0073,0.9868,-0.021,-0.035,-0.124,998.76,27.02,-0.97
22976,-0.0083,0.0098,0.9868,-0.173,-0.218,-0.093,998.78,27.03,-1.14
22986,-0.0020,0.0112,0.9966,0.132,0.117,0.059,998.75,27.02,-0.88
22996,-0.0020,0.0132,0.9912,0.162,-0.096,0.059,998.69,27.02,-0.38
23006,-0.0010,0.0132,0.9834,-0.082,0.117,0.029,998.66,27.03,-0.12
23016,-0.0059,0.0078,0.9995,-0.082,0.239,-0.002,998.72,27.03,-0.63
23026,-0.0107,0.0054,0.9937,0.010,-0.157,-0.002,998.67,27.03,-0.21
23036,-0.0073,0.0068,0.9873,0.101,0.056,0.059,998.68,27.02,-0.29
23046,-0.0117,0.0044,0.9980,-0.142,0.056,0.029,998.67,27.02,-0.21
23056,-0.0059,0.0054,0.9917,-0.173,-0.218,-0.063,998.77,27.03,-1.05
23066,-0.0054,0.0059,0.9883,0.040,0.087,0.090,998.67,27.02,-0.21
23076,-0.0049,0.0078,0.9932,0.101,0.026,0.090,998.67,27.03,-0.21
23086,-0.0005,0.0107,0.9917,-0.051,-0.005,0.029,998.68,27.03,-0.29
23096,-0.0073,0.0078,0.9912,-0.142,-0.035,-0.002,998.71,27.03,-0.54
23106,-0.0049,0.0093,0.9907,0.071,0.056,0.029,998.64,27.03,0.05
23116,-0.0049,0.0103,0.9922,0.101,0.117,0.059,998.71,27.03,-0.54
23126,-0.0107,0.0078,0.9902,-0.051,-0.035,-0.063,998.77,27.03,-1.05
23136,-0.0059,0.0078,0.9868,-0.082,-0.066,-0.032,998.71,27.03,-0.54
23146,-0.0107,0.0044,0.9932,0.101,0.148,0.090,998.73,27.03,-0.71
23156,-0.0083,0.0063,0.9927,0.101,-0.066,-0.032,998.73,27.03,-0.71
23166,-0.0078,0.0073,0.9912,-0.021,-0.127,-0.093,998.70,27.03,-0.46
23176,-0.0059,0.0088,0.9937,-0.082,-0.035,-0.063,998.73,27.03,-0.71
23186,-0.0029,0.0098,0.9917,0.101,0.056,0.029,998.78,27.03,-1.14
23196,-0.0073,0.0093,0.9897,0.101,0.117,-0.002,998.74,27.03,-0.80
23206,-0.0063,0.0107,0.9912,-0.082,0.026,-0.032,998.73,27.03,-0.71
23216,-0.0073,0.0068,0.9922,-0.142,-0.035,-0.063,998.63,27.03,0.13
23226,-0.0083,0.0063,0.9927,0.040,0.056,0.090,998.66,27.03,-0.12
23236,-0.0059,0.0078,0.9888,0.010,0.056,-0.032,998.70,27.03,-0.46
23246,-0.0093,0.0063,0.9941,-0.051,-0.035,-0.032,998.68,27.03,-0.29
23256,-0.0034,0.0073,0.9922,-0.082,-0.005,-0.032,998.69,27.03,-0.38
23266,-0.0039,0.0122,0.9907,0.071,0.178,0.029,998.72,27.03,-0.63
23276,-0.0059,0.0088,0.9932,0.101,0.178,-0.002,998.72,27.03,-0.63
23286,-0.0020,0.0107,0.9907,-0.173,-0.127,-0.063,998.67,27.03,-0.21
23296,-0.0063,0.0078,0.9917,0.010,0.178,0.059,998.67,27.03,-0.21
23306,-0.0063,0.0088,0.9932,0.040,-0.005,0.029,998.65,27.03,-0.04
23316,-0.0083,0.0103,0.9907,0.040,-0.035,0.059,998.77,27.03,-1.05
23326,-0.0029,0.0200,0.9731,1.351,1.672,2.102,998.65,27.03,-0.04
23336,-0.0078,-0.0039,0.9727,2.815,5.087,5.303,998.71,27.03,-0.54
23348,-0.0117,0.0010,1.0122,-1.850,3.227,-1.435,998.73,27.03,-0.71
23358,-0.0088,0.0195,0.9907,-1.850,0.300,-1.862,998.73,27.03,-0.71
23367,-0.0059,0.0024,0.9937,-1.118,1.032,-0.398,998.70,27.03,-0.46
23376,-0.0332,-0.0356,1.0166,-3.008,-1.377,-4.758,998.74,27.04,-0.80
23386,-0.0264,-0.0034,1.0225,0.620,-8.297,-8.325,998.76,27.03,-0.97
23396,-0.1313,-0.0605,0.9546,-2.703,-1.621,-4.331,998.67,27.03,-0.21
23406,-0.1709,-0.1045,1.0215,-6.575,-2.291,-0.794,998.70,27.04,-0.46
23416,-0.0962,-0.0405,0.9844,0.315,-5.736,10.181,998.69,27.04,-0.38
23426,0.1514,0.0464,0.9829,-7.368,-7.383,16.370,998.79,27.04,-1.22
23436,0.1938,0.1025,0.9849,-22.338,-10.554,0.913,998.68,27.03,-0.29
23446,0.0781,0.0239,1.0063,-11.911,-5.950,-1.099,998.69,27.03,-0.38
23456,0.0342,-0.0122,0.9756,-17.399,-8.115,-2.715,998.68,27.04,-0.29
23466,0.0034,0.0479,1.0073,-19.014,-8.633,-2.929,998.74,27.04,-0.80
23476,-0.0117,-0.0146,1.0063,-10.813,-6.834,-6.069,998.72,27.04,-0.63
23486,0.0034,-0.0044,0.9858,-8.191,-5.554,-6.313,998.75,27.04,-0.88
23496,-0.0332,-0.0249,1.0142,-6.911,-7.017,-7.105,998.68,27.04,-0.29
23506,-0.0352,-0.0190,0.9985,-8.039,-9.182,-5.520,998.66,27.03,-0.12
23516,-0.0420,-0.0005,1.0103,-9.258,-11.102,-1.892,998.70,27.03,-0.46
23526,-0.0425,-0.0239,1.0078,-9.319,-13.206,1.248,998.66,27.04,-0.12
23536,-0.0146,-0.0005,1.0474,-8.466,-16.682,2.895,998.77,27.04,-1.05
23546,0.0376,0.0098,1.0986,-1.240,-22.840,6.035,998.76,27.04,-0.97
23556,0.0586,0.0088,1.1177,10.162,-31.773,9.114,998.73,27.04,-0.71
23566,0.0918,0.0181,1.1128,18.882,-41.986,14.876,998.71,27.04,-0.54
23576,0.1025,0.0317,1.1440,18.516,-46.529,16.462,998.73,27.04,-0.71
23586,0.1201,0.0366,1.1729,19.888,-52.017,15.730,998.68,27.04,-0.29
23596,0.1123,0.0015,1.1602,18.668,-46.682,10.547,998.68,27.04,-0.29
23606,0.0474,0.0029,1.1802,19.034,-42.108,8.199,998.71,27.04,-0.54
23616,0.0195,-0.0117,1.1650,23.272,-45.005,8.962,998.74,27.04,-0.80
23626,0.0151,0.0010,1.1519,25.437,-47.108,12.956,998.74,27.04,-0.80
23636,-0.0063,0.0029,1.1665,26.992,-41.041,14.114,998.65,27.04,-0.04
23646,-0.0039,0.0103,1.1563,28.303,-30.828,13.199,998.70,27.04,-0.46
23656,0.0381,0.0308,1.1494,30.711,-26.865,14.937,998.69,27.04,-0.38
23666,0.0776,0.0405,1.1499,36.321,-32.627,17.864,998.67,27.04,-0.21
23676,0.1484,0.0688,1.1719,43.547,-45.950,20.913,998.71,27.04,-0.54
23686,0.1968,0.0854,1.2217,50.498,-64.669,23.291,998.69,27.04,-0.38
23696,0.2261,0.0898,1.2871,59.949,-87.810,24.998,998.73,27.04,-0.71
23706,0.2007,0.0693,1.3921,76.168,-117.718,24.114,998.71,27.04,-0.54
23716,0.1714,0.0410,1.4146,95.376,-152.139,22.895,998.75,27.04,-0.88
23726,0.1694,0.0225,1.2900,112.662,-181.743,21.218,998.65,27.04,-0.04
23736,0.1899,0.0098,1.0024,122.632,-190.005,16.401,998.66,27.04,-0.12
23746,0.2085,0.0117,0.8613,127.053,-178.633,8.809,998.72,27.04,-0.63
23756,0.2187,0.0391,0.8833,127.358,-175.950,5.364,998.64,27.04,0.05
23766,0.2485,0.0771,0.9331,127.479,-183.175,1.035,998.69,27.04,-0.38
23776,0.2827,0.0869,0.9771,128.181,-193.968,-3.233,998.65,27.04,-0.04
23786,0.2939,0.0811,0.9629,130.528,-205.401,-5.459,998.62,27.04,0.22
23796,0.3208,0.1157,0.9570,134.400,-214.852,-8.233,998.72,27.04,-0.63
23806,0.3589,0.1733,0.8936,137.967,-219.852,-9.118,998.66,27.05,-0.12
23816,0.3628,0.1865,0.8135,140.986,-222.688,-10.825,998.63,27.04,0.13
23826,0.3452,0.2061,0.7788,143.425,-228.206,-12.593,998.65,27.04,-0.04
23836,0.3296,0.2178,0.7754,143.973,-240.340,-12.532,998.73,27.04,-0.71
23846,0.3643,0.2251,0.7363,142.357,-252.108,-11.983,998.67,27.04,-0.21
23856,0.3877,0.2202,0.7275,140.101,-261.651,-11.709,998.78,27.04,-1.14
23866,0.3833,0.2373,0.7329,137.479,-275.797,-9.758,998.72,27.04,-0.63
23876,0.3848,0.3350,0.7520,136.077,-297.505,-3.538,998.74,27.04,-0.80
23886,0.4185,0.4043,0.5044,134.156,-306.041,3.565,998.72,27.04,-0.63
23896,0.5352,0.2983,0.2837,125.254,-291.804,1.858,998.72,27.04,-0.63
23906,0.5649,0.3296,0.2925,115.101,-277.047,1.584,998.71,27.04,-0.54
23916,0.5937,0.3296,0.3667,103.668,-273.846,3.504,998.67,27.04,-0.21
23926,0.6562,0.3398,0.3003,92.449,-274.883,4.510,998.69,27.04,-0.38
23936,0.7676,0.3501,0.1655,84.675,-265.249,2.437,998.76,27.04,-0.97
23946,0.8384,0.3691,0.1338,77.845,-251.499,-3.264,998.71,27.04,-0.54
23956,0.8276,0.3877,0.1431,71.443,-240.310,-9.636,998.72,27.04,-0.63
23966,0.8560,0.3965,0.1187,67.053,-228.511,-14.057,998.74,27.04,-0.80
23976,0.8916,0.4131,0.0937,64.065,-216.102,-15.916,998.76,27.04,-0.97
23986,0.9336,0.4175,0.0610,61.199,-204.029,-17.319,998.72,27.04,-0.63
23996,0.9570,0.4194,0.0718,60.894,-194.913,-21.648,998.67,27.04,-0.21
24006,0.9336,0.4297,0.1367,60.772,-198.907,-27.166,998.68,27.04,-0.29
24016,0.8999,0.5459,0.1245,58.577,-210.736,-29.483,998.75,27.04,-0.88
24026,0.8789,0.6343,-0.1255,58.699,-208.358,-26.526,998.69,27.04,-0.38
24036,0.8662,0.5371,-0.3979,56.290,-185.157,-27.380,998.68,27.04,-0.29
24046,0.8115,0.4854,-0.4404,50.498,-152.779,-31.099,998.70,27.04,-0.46
24056,0.7393,0.5220,-0.3018,43.699,-126.560,-33.904,998.70,27.04,-0.46
24066,0.7026,0.5444,-0.2153,38.790,-111.011,-32.502,998.74,27.04,-0.80
24076,0.7026,0.5425,-0.2451,34.370,-97.169,-28.874,998.70,27.04,-0.46
24086,0.7104,0.5293,-0.2886,29.034,-80.218,-24.849,998.73,27.03,-0.71
24096,0.7217,0.5210,-0.2876,23.120,-62.627,-22.837,998.73,27.04,-0.71
24106,0.7202,0.5264,-0.2451,15.742,-51.834,-19.880,998.63,27.04,0.13
24116,0.7241,0.5278,-0.2158,9.858,-46.285,-15.642,998.75,27.04,-0.88
24126,0.7378,0.5234,-0.2095,6.687,-41.773,-11.953,998.75,27.03,-0.88
24136,0.7500,0.5161,-0.2065,5.101,-38.846,-8.904,998.70,27.04,-0.46
24146,0.7598,0.5239,-0.2212,2.540,-37.474,-6.496,998.72,27.03,-0.63
24156,0.7627,0.5195,-0.2598,1.199,-35.736,-4.240,998.66,27.03,-0.12
24166,0.7788,0.5347,-0.2886,0.345,-32.627,-0.916,998.73,27.03,-0.71
24176,0.7935,0.5396,-0.3032,-2.277,-27.810,3.108,998.64,27.04,0.05
24186,0.8174,0.5435,-0.3296,-6.789,-20.035,4.815,998.72,27.03,-0.63
24196,0.8496,0.5483,-0.3281,-10.752,-12.383,5.425,998.69,27.04,-0.38
24206,0.8608,0.5488,-0.3213,-13.039,-9.974,5.577,998.72,27.03,-0.63
24216,0.8809,0.5430,-0.2964,-13.466,-11.682,5.730,998.78,27.04,-1.14
24226,0.8765,0.5508,-0.2515,-13.008,-12.657,5.303,998.70,27.04,-0.46
24236,0.8716,0.5537,-0.2153,-11.819,-14.029,5.334,998.70,27.03,-0.46
24246,0.8892,0.5664,-0.1836,-10.752,-16.712,4.815,998.69,27.03,-0.38
24256,0.8906,0.5610,-0.1724,-7.917,-19.913,4.602,998.72,27.03,-0.63
24266,0.8857,0.5508,-0.1782,-5.813,-23.419,2.925,998.69,27.03,-0.38
24276,0.8608,0.5332,-0.1929,-6.819,-27.474,1.980,998.67,27.03,-0.21
24286,0.8506,0.5430,-0.1919,-5.722,-27.962,0.456,998.71,27.03,-0.54
24296,0.8364,0.5381,-0.1924,-5.082,-26.438,-0.093,998.65,27.03,-0.04
24306,0.8159,0.5508,-0.1816,-5.386,-22.688,-0.612,998.72,27.04,-0.63
24316,0.8276,0.5562,-0.2041,-3.252,-16.133,-1.099,998.68,27.04,-0.29
24326,0.8369,0.5439,-0.1997,-1.850,-11.560,-2.105,998.65,27.04,-0.04
24336,0.8301,0.5454,-0.1768,0.955,-13.297,-1.191,998.67,27.03,-0.21
